vendor_id,vendor_name,vendor_type,city,state,area,locality,market,street,landmark,latitude,longitude,location_accuracy,address,food_category,food_subcategories,cuisine,signature_dish,price_min,price_max,price_currency,opening_time,closing_time,closed_days,phone,website,instagram,other_public_contact,source_url,source_type,source_name,government_registration_number,government_source,verification_status,verification_level,last_verified_at,verified_location,verified_business,verified_food_type,verified_hours,verified_price,photos_source,photo_license_status,hidden_gem_candidate,hidden_gem_score,hidden_gem_score_status,rating,review_count,description,data_confidence,notes
HB-OSM-N566815520,Natraj vegetarian Restaurant,eatery,Jaipur,Rajasthan,MI Road,,,,,26.9161855,75.8109776,OSM_MAPPED,,small_eatery,,,,,,,,,,,,,,https://www.openstreetmap.org/node/566815520,OPENSTREETMAP,OpenStreetMap contributors (ODbL),,,CANDIDATE,LEVEL_1_SOURCE_VERIFIED,2026-08-13,false,false,false,false,false,,,,,INSUFFICIENT_DATA,,,,LOW,"OSM tags: {""amenity"": ""restaurant"", ""diet:vegetarian"": ""only"", ""name"": ""Natraj vegetarian Restaurant""} | area DERIVED from OSM coordinates (nearest locality centroid, ~0.2 km); not source-stated"
HB-OSM-N691261875,Anokhi Cafe,eatery,Jaipur,Rajasthan,C-Scheme,,,,,26.9106803,75.7985655,OSM_MAPPED,,small_eatery,,,,,,,,,,,,,,https://www.openstreetmap.org/node/691261875,OPENSTREETMAP,OpenStreetMap contributors (ODbL),,,CANDIDATE,LEVEL_1_SOURCE_VERIFIED,2026-08-13,false,false,false,false,false,,,,,INSUFFICIENT_DATA,,,,LOW,"OSM tags: {""amenity"": ""restaurant"", ""name"": ""Anokhi Cafe""} | area DERIVED from OSM coordinates (nearest locality centroid, ~0.57 km); not source-stated"
HB-OSM-N2583229954,Ganesh Restaurant,eatery,Jaipur,Rajasthan,Bapu Bazaar,,,,,26.9168711,75.8201955,OSM_MAPPED,,small_eatery,,,,,,,,,,,,,,https://www.openstreetmap.org/node/2583229954,OPENSTREETMAP,OpenStreetMap contributors (ODbL),,,CANDIDATE,LEVEL_1_SOURCE_VERIFIED,2026-08-13,false,false,false,false,false,,,,,INSUFFICIENT_DATA,,,,LOW,"OSM tags: {""amenity"": ""restaurant"", ""name"": ""Ganesh Restaurant""} | area DERIVED from OSM coordinates (nearest locality centroid, ~0.44 km); not source-stated"
HB-OSM-N2684721077,Spice Court,eatery,Jaipur,Rajasthan,Civil Lines,,,"Achrol House, Civil Lines",,26.9108905,75.7889678,OSM_MAPPED,"Achrol House, Civil Lines, Jaipur",small_eatery,,,,,,,,,,,,,,https://www.openstreetmap.org/node/2684721077,OPENSTREETMAP,OpenStreetMap contributors (ODbL),,,CANDIDATE,LEVEL_1_SOURCE_VERIFIED,2026-08-13,false,false,false,false,false,,,,,INSUFFICIENT_DATA,,,,LOW,"OSM tags: {""addr:city"": ""Jaipur"", ""addr:street"": ""Achrol House, Civil Lines"", ""amenity"": ""restaurant"", ""name"": ""Spice Court""} | area DERIVED from OSM coordinates (nearest locality centroid, ~0.79 km); not source-stated"
HB-OSM-N2684968689,Laxmi Mishthan Bhandar,eatery,Jaipur,Rajasthan,Johari Bazaar,,,,,26.9196343,75.8254983,OSM_MAPPED,,small_eatery,,indian,,,,,,,,+91 9024 609609,,,,https://www.openstreetmap.org/node/2684968689,OPENSTREETMAP,OpenStreetMap contributors (ODbL),,,CANDIDATE,LEVEL_1_SOURCE_VERIFIED,2026-08-13,false,false,false,false,false,,,,,INSUFFICIENT_DATA,,,,LOW,"OSM tags: {""alt_name"": ""LMB"", ""amenity"": ""restaurant"", ""cuisine"": ""indian"", ""name"": ""Laxmi Mishthan Bhandar"", ""phone"": ""+91 9024 609609"", ""url"": ""http://hotellmb.com/restaurant.aspx""} | area DERIVED from OSM coordinates (nearest locality centroid, ~0.16 km); not source-stated"
HB-OSM-N2777043235,Old Green Tandori Dhaba,eatery,Jaipur,Rajasthan,Sindhi Camp,,,,,26.9173942,75.8046009,OSM_MAPPED,,small_eatery,,,,,,,,,,,,,,https://www.openstreetmap.org/node/2777043235,OPENSTREETMAP,OpenStreetMap contributors (ODbL),,,CANDIDATE,LEVEL_1_SOURCE_VERIFIED,2026-08-13,false,false,false,false,false,,,,,INSUFFICIENT_DATA,,,,LOW,"OSM tags: {""amenity"": ""restaurant"", ""name"": ""Old Green Tandori Dhaba""} | area DERIVED from OSM coordinates (nearest locality centroid, ~0.61 km); not source-stated"
HB-OSM-N3076106633,Saras Parlur,food_court,Jaipur,Rajasthan,Malviya Nagar,,,JLN Road,,26.8619406,75.8065239,OSM_MAPPED,"JLN Road, jaipur",food_court,,,,,,,,,,,,,,https://www.openstreetmap.org/node/3076106633,OPENSTREETMAP,OpenStreetMap contributors (ODbL),,,CANDIDATE,LEVEL_1_SOURCE_VERIFIED,2026-08-13,false,false,false,false,false,,,,,INSUFFICIENT_DATA,,,,LOW,"OSM tags: {""addr:city"": ""jaipur"", ""addr:country"": ""IN"", ""addr:state"": ""Rajasthan"", ""addr:street"": ""JLN Road"", ""amenity"": ""food_court"", ""name"": ""Saras Parlur"", ""opening_hours"": ""sunrise-sunset""} | area DERIVED from OSM coordinates (nearest locality centroid, ~0.71 km); not source-stated | OSM opening_hours (unparsed): sunrise-sunset"
HB-OSM-N3078036947,Hotel Raj Style Inn,eatery,Jaipur,Rajasthan,Mansarovar,,,,,26.8499173,75.7686683,OSM_MAPPED,Jaipur,small_eatery,,,,,,,,,,,,,,https://www.openstreetmap.org/node/3078036947,OPENSTREETMAP,OpenStreetMap contributors (ODbL),,,CANDIDATE,LEVEL_1_SOURCE_VERIFIED,2026-08-13,false,false,false,false,false,,,,,INSUFFICIENT_DATA,,,,LOW,"OSM tags: {""addr:city"": ""Jaipur"", ""addr:country"": ""IN"", ""addr:district"": ""Jaipur"", ""addr:state"": ""Rajasthan"", ""amenity"": ""restaurant"", ""name"": ""Hotel Raj Style Inn""} | area DERIVED from OSM coordinates (nearest locality centroid, ~0.61 km); not source-stated"
HB-OSM-N3078036948,Neelam Dhaba,eatery,Jaipur,Rajasthan,Mansarovar,,,,,26.8481625,75.770165,OSM_MAPPED,Jaipur,small_eatery,,,,,,,,,,,,,,https://www.openstreetmap.org/node/3078036948,OPENSTREETMAP,OpenStreetMap contributors (ODbL),,,CANDIDATE,LEVEL_1_SOURCE_VERIFIED,2026-08-13,false,false,false,false,false,,,,,INSUFFICIENT_DATA,,,,LOW,"OSM tags: {""addr:city"": ""Jaipur"", ""addr:country"": ""IN"", ""addr:district"": ""Jaipur"", ""addr:state"": ""Rajasthan"", ""amenity"": ""restaurant"", ""name"": ""Neelam Dhaba""} | area DERIVED from OSM coordinates (nearest locality centroid, ~0.83 km); not source-stated"
HB-OSM-N3078038139,Mahadev Dhaba,eatery,Jaipur,Rajasthan,Mansarovar,,,,,26.847881,75.7702746,OSM_MAPPED,Jaipur,small_eatery,,,,,,,,,,,,,,https://www.openstreetmap.org/node/3078038139,OPENSTREETMAP,OpenStreetMap contributors (ODbL),,,CANDIDATE,LEVEL_1_SOURCE_VERIFIED,2026-08-13,false,false,false,false,false,,,,,INSUFFICIENT_DATA,,,,LOW,"OSM tags: {""addr:city"": ""Jaipur"", ""addr:country"": ""IN"", ""addr:district"": ""Jaipur"", ""addr:state"": ""Rajasthan"", ""amenity"": ""restaurant"", ""name"": ""Mahadev Dhaba""} | area DERIVED from OSM coordinates (nearest locality centroid, ~0.85 km); not source-stated"
HB-OSM-N3081602535,Saras Parlour,eatery,Jaipur,Rajasthan,Malviya Nagar,,,JLN Road,,26.8624615,75.8063864,OSM_MAPPED,"JLN Road, Jaipur",small_eatery,,,,,,,,,,,,,,https://www.openstreetmap.org/node/3081602535,OPENSTREETMAP,OpenStreetMap contributors (ODbL),,,CANDIDATE,LEVEL_1_SOURCE_VERIFIED,2026-08-13,false,false,false,false,false,,,,,INSUFFICIENT_DATA,,,,LOW,"OSM tags: {""addr:city"": ""Jaipur"", ""addr:country"": ""IN"", ""addr:state"": ""Rajasthan"", ""addr:street"": ""JLN Road"", ""amenity"": ""restaurant"", ""name"": ""Saras Parlour""} | area DERIVED from OSM coordinates (nearest locality centroid, ~0.76 km); not source-stated"
HB-OSM-N3209386497,Chitra Café,cafe,Jaipur,Rajasthan,Sindhi Camp,,,,,26.9206156,75.8041948,OSM_MAPPED,,cafe,,,,,,,,,,,,,,https://www.openstreetmap.org/node/3209386497,OPENSTREETMAP,OpenStreetMap contributors (ODbL),,,CANDIDATE,LEVEL_1_SOURCE_VERIFIED,2026-08-13,false,false,false,false,false,,,,,INSUFFICIENT_DATA,,,,LOW,"OSM tags: {""amenity"": ""cafe"", ""description"": ""Inside Hotel Arya Niwas"", ""name"": ""Chitra Café""} | area DERIVED from OSM coordinates (nearest locality centroid, ~0.42 km); not source-stated"
HB-OSM-N3476221910,Kanha,eatery,Jaipur,Rajasthan,Malviya Nagar,,,,,26.8544337,75.8082444,OSM_MAPPED,,small_eatery,,regional,,,,,,,,,,,,https://www.openstreetmap.org/node/3476221910,OPENSTREETMAP,OpenStreetMap contributors (ODbL),,,CANDIDATE,LEVEL_1_SOURCE_VERIFIED,2026-08-13,false,false,false,false,false,,,,,INSUFFICIENT_DATA,,,,LOW,"OSM tags: {""amenity"": ""restaurant"", ""capacity"": ""100"", ""cuisine"": ""regional"", ""name"": ""Kanha"", ""smoking"": ""no"", ""takeaway"": ""no""} | area DERIVED from OSM coordinates (nearest locality centroid, ~0.4 km); not source-stated"
HB-OSM-N3685074596,Nibs,cafe,Jaipur,Rajasthan,Sindhi Camp,,,,,26.915555,75.7949393,OSM_MAPPED,,cafe,,,,,,,,,,,,,,https://www.openstreetmap.org/node/3685074596,OPENSTREETMAP,OpenStreetMap contributors (ODbL),,,CANDIDATE,LEVEL_1_SOURCE_VERIFIED,2026-08-13,false,false,false,false,false,,,,,INSUFFICIENT_DATA,,,,LOW,"OSM tags: {""amenity"": ""cafe"", ""check_date"": ""2023-10-23"", ""name"": ""Nibs"", ""payment:credit_cards"": ""yes"", ""payment:debit_cards"": ""yes""} | area DERIVED from OSM coordinates (nearest locality centroid, ~0.79 km); not source-stated"
HB-OSM-N3747116986,nimmu chai dukan,cafe,Jaipur,Rajasthan,,,,,,27.0142879,75.7530237,OSM_MAPPED,,cafe,,,,,,,,,,,,,,https://www.openstreetmap.org/node/3747116986,OPENSTREETMAP,OpenStreetMap contributors (ODbL),,,CANDIDATE,LEVEL_1_SOURCE_VERIFIED,2026-08-13,false,false,false,false,false,,,,,INSUFFICIENT_DATA,,,,LOW,"OSM tags: {""amenity"": ""cafe"", ""name"": ""nimmu chai dukan""}"
HB-OSM-N3788605554,Vitthal's Kitchen,eatery,Jaipur,Rajasthan,Gopalpura,,,,,26.8808849,75.7980181,OSM_MAPPED,,small_eatery,,regional,,,,,10:00,23:00,,,,,,https://www.openstreetmap.org/node/3788605554,OPENSTREETMAP,OpenStreetMap contributors (ODbL),,,CANDIDATE,LEVEL_1_SOURCE_VERIFIED,2026-08-13,false,false,false,false,false,,,,,INSUFFICIENT_DATA,,,,LOW,"OSM tags: {""amenity"": ""restaurant"", ""capacity"": ""50"", ""cuisine"": ""regional"", ""name"": ""Vitthal's Kitchen"", ""opening_hours"": ""10:00-23:00"", ""takeaway"": ""yes""} | area DERIVED from OSM coordinates (nearest locality centroid, ~1.62 km); not source-stated"
HB-OSM-N3830464220,"Doodh Misthana Bhandar , Jaipur",shop_confectionery,Jaipur,Rajasthan,Sindhi Camp,,,Meera Marg,,26.9313342,75.800266,OSM_MAPPED,"Meera Marg, Jaipur, 302016",sweets,,,,,,,,,,,,,,https://www.openstreetmap.org/node/3830464220,OPENSTREETMAP,OpenStreetMap contributors (ODbL),,,CANDIDATE,LEVEL_1_SOURCE_VERIFIED,2026-08-13,false,false,false,false,false,,,,,INSUFFICIENT_DATA,,,,LOW,"OSM tags: {""addr:city"": ""Jaipur"", ""addr:postcode"": ""302016"", ""addr:street"": ""Meera Marg"", ""name"": ""Doodh Misthana Bhandar , Jaipur"", ""shop"": ""confectionery""} | area DERIVED from OSM coordinates (nearest locality centroid, ~1.15 km); not source-stated"
HB-OSM-N3830464221,Shree Ganesh Namkeen Bhandar,food_stall_or_fast_food,Jaipur,Rajasthan,Sindhi Camp,,,Meera Marg,,26.9311763,75.8004455,OSM_MAPPED,"Meera Marg, Jaipur, 302016",fast_food_snacks,,,,,,,,,,,,,,https://www.openstreetmap.org/node/3830464221,OPENSTREETMAP,OpenStreetMap contributors (ODbL),,,CANDIDATE,LEVEL_1_SOURCE_VERIFIED,2026-08-13,false,false,false,false,false,,,,,INSUFFICIENT_DATA,,,,LOW,"OSM tags: {""addr:city"": ""Jaipur"", ""addr:postcode"": ""302016"", ""addr:street"": ""Meera Marg"", ""amenity"": ""fast_food"", ""name"": ""Shree Ganesh Namkeen Bhandar""} | area DERIVED from OSM coordinates (nearest locality centroid, ~1.13 km); not source-stated"
HB-OSM-N3842344276,Yo China,eatery,Jaipur,Rajasthan,MI Road,,,,,26.9164285,75.8094487,OSM_MAPPED,"D-183, Mahesh Marg, D-Block, Sector 4, Malviya Nagar, Jaipur, Rajasthan 302017",small_eatery,,chinese,,,,,,,,,,,,https://www.openstreetmap.org/node/3842344276,OPENSTREETMAP,OpenStreetMap contributors (ODbL),,,CANDIDATE,LEVEL_1_SOURCE_VERIFIED,2026-08-13,false,false,false,false,false,,,,,INSUFFICIENT_DATA,,,,LOW,"OSM tags: {""addr:housenumber"": ""D-183, Mahesh Marg, D-Block, Sector 4, Malviya Nagar, Jaipur, Rajasthan 302017"", ""amenity"": ""restaurant"", ""cuisine"": ""chinese"", ""name"": ""Yo China""} | area DERIVED from OSM coordinates (nearest locality centroid, ~0.35 km); not source-stated"
HB-OSM-N3875761989,Corner 10,cafe,Jaipur,Rajasthan,Vaishali Nagar,,,,,26.9170881,75.743631,OSM_MAPPED,,cafe,,,,,,,,,,,,,,https://www.openstreetmap.org/node/3875761989,OPENSTREETMAP,OpenStreetMap contributors (ODbL),,,CANDIDATE,LEVEL_1_SOURCE_VERIFIED,2026-08-13,false,false,false,false,false,,,,,INSUFFICIENT_DATA,,,,LOW,"OSM tags: {""amenity"": ""cafe"", ""name"": ""Corner 10""} | area DERIVED from OSM coordinates (nearest locality centroid, ~0.7 km); not source-stated"
HB-OSM-N3912110531,Kanyi Restaurant,eatery,Jaipur,Rajasthan,Sindhi Camp,,,Station Road,,26.9216983,75.7968445,OSM_MAPPED,"Station Road, 302001",small_eatery,,,,,,,,,,,,,,https://www.openstreetmap.org/node/3912110531,OPENSTREETMAP,OpenStreetMap contributors (ODbL),,,CANDIDATE,LEVEL_1_SOURCE_VERIFIED,2026-08-13,false,false,false,false,false,,,,,INSUFFICIENT_DATA,,,,LOW,"OSM tags: {""addr:postcode"": ""302001"", ""addr:street"": ""Station Road"", ""amenity"": ""restaurant"", ""name"": ""Kanyi Restaurant""} | area DERIVED from OSM coordinates (nearest locality centroid, ~0.32 km); not source-stated"
HB-OSM-N4226406593,"Cheel Gadi, Sanganer",eatery,Jaipur,Rajasthan,Sanganer,,,,,26.8219982,75.8109285,OSM_MAPPED,,small_eatery,,,,,,,,,,,,,,https://www.openstreetmap.org/node/4226406593,OPENSTREETMAP,OpenStreetMap contributors (ODbL),,,CANDIDATE,LEVEL_1_SOURCE_VERIFIED,2026-08-13,false,false,false,false,false,,,,,INSUFFICIENT_DATA,,,,LOW,"OSM tags: {""amenity"": ""restaurant"", ""name"": ""Cheel Gadi, Sanganer""} | area DERIVED from OSM coordinates (nearest locality centroid, ~1.33 km); not source-stated"
HB-OSM-N4348672497,Mohan Restaurant,eatery,Jaipur,Rajasthan,Sindhi Camp,,,,,26.9198945,75.7987261,OSM_MAPPED,,small_eatery,,,,,,,,,,,,,,https://www.openstreetmap.org/node/4348672497,OPENSTREETMAP,OpenStreetMap contributors (ODbL),,,CANDIDATE,LEVEL_1_SOURCE_VERIFIED,2026-08-13,false,false,false,false,false,,,,,INSUFFICIENT_DATA,,,,LOW,"OSM tags: {""amenity"": ""restaurant"", ""name"": ""Mohan Restaurant""} | area DERIVED from OSM coordinates (nearest locality centroid, ~0.18 km); not source-stated"
HB-OSM-N4466075493,Kailash Restaurant,eatery,Jaipur,Rajasthan,Tripolia Bazaar,,,,,26.9270367,75.8281377,OSM_MAPPED,,small_eatery,,indian,,,,,,,,,,,,https://www.openstreetmap.org/node/4466075493,OPENSTREETMAP,OpenStreetMap contributors (ODbL),,,CANDIDATE,LEVEL_1_SOURCE_VERIFIED,2026-08-13,false,false,false,false,false,,,,,INSUFFICIENT_DATA,,,,LOW,"OSM tags: {""amenity"": ""restaurant"", ""cuisine"": ""indian"", ""name"": ""Kailash Restaurant"", ""name:en"": ""Kailash Restaurant""} | area DERIVED from OSM coordinates (nearest locality centroid, ~0.58 km); not source-stated"
HB-OSM-N4486242089,bella italia,eatery,Jaipur,Rajasthan,Sindhi Camp,,,,,26.9209213,75.8039303,OSM_MAPPED,,small_eatery,,italian_pizza,,,,,,,,,,,,https://www.openstreetmap.org/node/4486242089,OPENSTREETMAP,OpenStreetMap contributors (ODbL),,,CANDIDATE,LEVEL_1_SOURCE_VERIFIED,2026-08-13,false,false,false,false,false,,,,,INSUFFICIENT_DATA,,,,LOW,"OSM tags: {""amenity"": ""restaurant"", ""cuisine"": ""italian_pizza"", ""name"": ""bella italia"", ""name:en"": ""Bella Italia""} | area DERIVED from OSM coordinates (nearest locality centroid, ~0.39 km); not source-stated"
HB-OSM-N4537365003,Jaighar,eatery,Jaipur,Rajasthan,Amer,,,,,26.983062,75.8444611,OSM_MAPPED,,small_eatery,,,,,,,,,,,,,,https://www.openstreetmap.org/node/4537365003,OPENSTREETMAP,OpenStreetMap contributors (ODbL),,,CANDIDATE,LEVEL_1_SOURCE_VERIFIED,2026-08-13,false,false,false,false,false,,,,,INSUFFICIENT_DATA,,,,LOW,"OSM tags: {""amenity"": ""restaurant"", ""name"": ""Jaighar""} | area DERIVED from OSM coordinates (nearest locality centroid, ~0.73 km); not source-stated"
HB-OSM-N4547443698,"Rainbow Cafe, Jaipur",cafe,Jaipur,Rajasthan,,,,,,26.9483121,75.8404444,OSM_MAPPED,,cafe,,indian,,,,,,,,,,,,https://www.openstreetmap.org/node/4547443698,OPENSTREETMAP,OpenStreetMap contributors (ODbL),,,CANDIDATE,LEVEL_1_SOURCE_VERIFIED,2026-08-13,false,false,false,false,false,,,,,INSUFFICIENT_DATA,,,,LOW,"OSM tags: {""amenity"": ""cafe"", ""cuisine"": ""indian"", ""internet_access"": ""wlan"", ""name"": ""Rainbow Cafe, Jaipur"", ""name:en"": ""Rainbow Restaurant""}"
HB-OSM-N4579745989,Peacock rooftop restaurant,eatery,Jaipur,Rajasthan,Sindhi Camp,,,,,26.9163329,75.7956078,OSM_MAPPED,,small_eatery,,chinese;indian;italian,,,,,07:30,23:30,,,,,,https://www.openstreetmap.org/node/4579745989,OPENSTREETMAP,OpenStreetMap contributors (ODbL),,,CANDIDATE,LEVEL_1_SOURCE_VERIFIED,2026-08-13,false,false,false,false,false,,,,,INSUFFICIENT_DATA,,,,LOW,"OSM tags: {""amenity"": ""restaurant"", ""cuisine"": ""chinese;indian;italian"", ""internet_access"": ""wlan"", ""name"": ""Peacock rooftop restaurant"", ""opening_hours"": ""Mo-Su 07:30-23:30""} | area DERIVED from OSM coordinates (nearest locality centroid, ~0.68 km); not source-stated"
HB-OSM-N4580149089,Jal Mahal Ice Cream Parlour,shop_confectionery,Jaipur,Rajasthan,MI Road,,,,,26.9162117,75.811188,OSM_MAPPED,,sweets,,,,,,,,,,,,,,https://www.openstreetmap.org/node/4580149089,OPENSTREETMAP,OpenStreetMap contributors (ODbL),,,CANDIDATE,LEVEL_1_SOURCE_VERIFIED,2026-08-13,false,false,false,false,false,,,,,INSUFFICIENT_DATA,,,,LOW,"OSM tags: {""name"": ""Jal Mahal Ice Cream Parlour"", ""name:hi"": ""Jal Mahal Ice Cream Parlour"", ""shop"": ""confectionery""} | area DERIVED from OSM coordinates (nearest locality centroid, ~0.18 km); not source-stated"
HB-OSM-N4716648089,Shree Jagannath gajak bhandar,shop_bakery,Jaipur,Rajasthan,Johari Bazaar,,,Ghee Walon Ka Rasta,,26.919787,75.826617,OSM_MAPPED,"Ghee Walon Ka Rasta, 302003",bakery,,,,,,,09:00,21:00,,9636648699,,,,https://www.openstreetmap.org/node/4716648089,OPENSTREETMAP,OpenStreetMap contributors (ODbL),,,CANDIDATE,LEVEL_1_SOURCE_VERIFIED,2026-08-13,false,false,false,false,false,,,,,INSUFFICIENT_DATA,,,,LOW,"OSM tags: {""addr:postcode"": ""302003"", ""addr:street"": ""Ghee Walon Ka Rasta"", ""email"": ""yogeshgurjar670@gmail.com"", ""internet_access"": ""wlan"", ""name"": ""Shree Jagannath gajak bhandar"", ""name:en"": ""Shree Jagannath gajak bhandar"", ""name:hi"": ""Shree Jagannath gajak bhandar"", ""opening_hours"": ""Mo-Su 09:00-21:00"", ""phone"": ""9636648699"", ""shop"": ""bakery""} | area DERIVED from OSM coordinates (nearest locality centroid, ~0.1 km); not source-stated"
HB-OSM-N4744500823,India Coffe House,cafe,Jaipur,Rajasthan,Kishanpole Bazaar,,,Mirza Ismail Road,,26.9171606,75.8145919,OSM_MAPPED,Mirza Ismail Road,cafe,,,,,,,08:00,21:00,,,,,,https://www.openstreetmap.org/node/4744500823,OPENSTREETMAP,OpenStreetMap contributors (ODbL),,,CANDIDATE,LEVEL_1_SOURCE_VERIFIED,2026-08-13,false,false,false,false,false,,,,,INSUFFICIENT_DATA,,,,LOW,"OSM tags: {""addr:street"": ""Mirza Ismail Road"", ""amenity"": ""cafe"", ""name"": ""India Coffe House"", ""name:en"": ""India Coffe Housepk look ii"", ""opening_hours"": ""Mo-Su 08:00-21:00"", ""operator"": ""ynwaphoto""} | area DERIVED from OSM coordinates (nearest locality centroid, ~0.1 km); not source-stated"
HB-OSM-N4744578221,coffey Day,cafe,Jaipur,Rajasthan,Sindhi Camp,,,,,26.9164507,75.7991333,OSM_MAPPED,,cafe,,,,,,,,,,,,,,https://www.openstreetmap.org/node/4744578221,OPENSTREETMAP,OpenStreetMap contributors (ODbL),,,CANDIDATE,LEVEL_1_SOURCE_VERIFIED,2026-08-13,false,false,false,false,false,,,,,INSUFFICIENT_DATA,,,,LOW,"OSM tags: {""amenity"": ""cafe"", ""name"": ""coffey Day""} | area DERIVED from OSM coordinates (nearest locality centroid, ~0.51 km); not source-stated"
HB-OSM-N4798056521,V2 FINE DINING,eatery,Jaipur,Rajasthan,MI Road,,,,,26.9078828,75.8126688,OSM_MAPPED,,small_eatery,,,,,,,,,,,,,,https://www.openstreetmap.org/node/4798056521,OPENSTREETMAP,OpenStreetMap contributors (ODbL),,,CANDIDATE,LEVEL_1_SOURCE_VERIFIED,2026-08-13,false,false,false,false,false,,,,,INSUFFICIENT_DATA,,,,LOW,"OSM tags: {""amenity"": ""restaurant"", ""int_name"": ""V2 Fine Dining"", ""name"": ""V2 FINE DINING"", ""name:en"": ""V2 Fine Dining""} | area DERIVED from OSM coordinates (nearest locality centroid, ~0.96 km); not source-stated"
HB-OSM-N4826369122,Cheap food places,eatery,Jaipur,Rajasthan,Civil Lines,,,,,26.9120381,75.7920659,OSM_MAPPED,,small_eatery,,,,,,,,,,,,,,https://www.openstreetmap.org/node/4826369122,OPENSTREETMAP,OpenStreetMap contributors (ODbL),,,CANDIDATE,LEVEL_1_SOURCE_VERIFIED,2026-08-13,false,false,false,false,false,,,,,INSUFFICIENT_DATA,,,,LOW,"OSM tags: {""amenity"": ""restaurant"", ""name"": ""Cheap food places"", ""name:hi"": ""Cheap food places""} | area DERIVED from OSM coordinates (nearest locality centroid, ~1.03 km); not source-stated"
HB-OSM-N4830934021,Dhaba,eatery,Jaipur,Rajasthan,C-Scheme,,,,,26.9063152,75.7966924,OSM_MAPPED,,small_eatery,,,,,,,,,,,,,,https://www.openstreetmap.org/node/4830934021,OPENSTREETMAP,OpenStreetMap contributors (ODbL),,,CANDIDATE,LEVEL_1_SOURCE_VERIFIED,2026-08-13,false,false,false,false,false,,,,,INSUFFICIENT_DATA,,,,LOW,"OSM tags: {""amenity"": ""restaurant"", ""name"": ""Dhaba"", ""name:hi"": ""Dhaba""} | area DERIVED from OSM coordinates (nearest locality centroid, ~0.43 km); not source-stated"
HB-OSM-N4877294175,Hotel Marc Inn,eatery,Jaipur,Rajasthan,Vaishali Nagar,,,"JDA Central Market, Beside MTS office, Near Amarpali Circle, Vaishali Nagar",,26.9110124,75.7421695,OSM_MAPPED,"S-5, JDA Central Market, Beside MTS office, Near Amarpali Circle, Vaishali Nagar, jaipur, 302021",small_eatery,,,,,,,,,,+91-9001094661,https://www.hotelmarcinn.com/,,,https://www.openstreetmap.org/node/4877294175,OPENSTREETMAP,OpenStreetMap contributors (ODbL),,,CANDIDATE,LEVEL_1_SOURCE_VERIFIED,2026-08-13,false,false,false,false,false,,,,,INSUFFICIENT_DATA,,,,LOW,"OSM tags: {""addr:city"": ""jaipur"", ""addr:housenumber"": ""S-5"", ""addr:postcode"": ""302021"", ""addr:street"": ""JDA Central Market, Beside MTS office, Near Amarpali Circle, Vaishali Nagar"", ""amenity"": ""restaurant"", ""capacity"": ""50"", ""delivery"": ""yes"", ""email"": ""hotelmarcinn@gmail.com"", ""name"": ""Hotel Marc Inn"", ""outdoor_seating"": ""yes"", ""phone"": ""+91-9001094661"", ""smoking"": ""outside"", ""takeaway"": ""yes"", ""website"": ""https://www.hotelmarcinn.com/""} | area DERIVED from OSM coordinates (nearest locality centroid, ~0.02 km); not source-stated"
HB-OSM-N4900113521,Green Restaurant Pure Vegetarian,eatery,Jaipur,Rajasthan,Sindhi Camp,,,,,26.9170712,75.8047235,OSM_MAPPED,,small_eatery,,,,,,,,,,,,,,https://www.openstreetmap.org/node/4900113521,OPENSTREETMAP,OpenStreetMap contributors (ODbL),,,CANDIDATE,LEVEL_1_SOURCE_VERIFIED,2026-08-13,false,false,false,false,false,,,,,INSUFFICIENT_DATA,,,,LOW,"OSM tags: {""amenity"": ""restaurant"", ""diet:vegetarian"": ""only"", ""name"": ""Green Restaurant Pure Vegetarian""} | area DERIVED from OSM coordinates (nearest locality centroid, ~0.64 km); not source-stated"
HB-OSM-N4959426923,"Samode Haveli , Jaipur",eatery,Jaipur,Rajasthan,Ramganj,,,Gangapole,,26.9331035,75.8372573,OSM_MAPPED,Gangapole,small_eatery,,indian,,,,,,,,,,,,https://www.openstreetmap.org/node/4959426923,OPENSTREETMAP,OpenStreetMap contributors (ODbL),,,CANDIDATE,LEVEL_1_SOURCE_VERIFIED,2026-08-13,false,false,false,false,false,,,,,INSUFFICIENT_DATA,,,,LOW,"OSM tags: {""addr:street"": ""Gangapole"", ""amenity"": ""restaurant"", ""cuisine"": ""indian"", ""diet:vegetarian"": ""yes"", ""name"": ""Samode Haveli , Jaipur"", ""name:en"": ""Samode Haveli""} | area DERIVED from OSM coordinates (nearest locality centroid, ~1.15 km); not source-stated"
HB-OSM-N4959496421,Copper Chimney,eatery,Jaipur,Rajasthan,Sindhi Camp,,,Mirza Ismail Road,,26.9169731,75.80407,OSM_MAPPED,Mirza Ismail Road,small_eatery,,indian;asian,,,,,18:30,23:00,,,,,,https://www.openstreetmap.org/node/4959496421,OPENSTREETMAP,OpenStreetMap contributors (ODbL),,,CANDIDATE,LEVEL_1_SOURCE_VERIFIED,2026-08-13,false,false,false,false,false,,,,,INSUFFICIENT_DATA,,,,LOW,"OSM tags: {""addr:street"": ""Mirza Ismail Road"", ""amenity"": ""restaurant"", ""cuisine"": ""indian;asian"", ""diet:vegetarian"": ""yes"", ""name"": ""Copper Chimney"", ""name:en"": ""Copper Chimney"", ""opening_hours"": ""Mo-Su 18:30-23:00""} | area DERIVED from OSM coordinates (nearest locality centroid, ~0.6 km); not source-stated"
HB-OSM-N4959540921,"Tapri Central , JAIPUR",cafe,Jaipur,Rajasthan,C-Scheme,,,,,26.9056742,75.8111596,OSM_MAPPED,Jaipur,cafe,,,,,,,,,,,,,,https://www.openstreetmap.org/node/4959540921,OPENSTREETMAP,OpenStreetMap contributors (ODbL),,,CANDIDATE,LEVEL_1_SOURCE_VERIFIED,2026-08-13,false,false,false,false,false,,,,,INSUFFICIENT_DATA,,,,LOW,"OSM tags: {""addr:city"": ""Jaipur"", ""addr:state"": ""Rajasthan"", ""amenity"": ""cafe"", ""name"": ""Tapri Central , JAIPUR"", ""name:en"": ""Tapri""} | area DERIVED from OSM coordinates (nearest locality centroid, ~1.01 km); not source-stated"
HB-OSM-N5016200924,Parampara,eatery,Jaipur,Rajasthan,Ramganj,,,,,26.9408543,75.8384138,OSM_MAPPED,,small_eatery,,international;indian;chinese,,,,,,,,,,,,https://www.openstreetmap.org/node/5016200924,OPENSTREETMAP,OpenStreetMap contributors (ODbL),,,CANDIDATE,LEVEL_1_SOURCE_VERIFIED,2026-08-13,false,false,false,false,false,,,,,INSUFFICIENT_DATA,,,,LOW,"OSM tags: {""amenity"": ""restaurant"", ""cuisine"": ""international;indian;chinese"", ""name"": ""Parampara"", ""name:en"": ""Parampara""} | area DERIVED from OSM coordinates (nearest locality centroid, ~2.01 km); not source-stated"
HB-OSM-N5074575922,Midtown Multicuisine Restaurant,eatery,Jaipur,Rajasthan,Tripolia Bazaar,,,,,26.9237826,75.820574,OSM_MAPPED,,small_eatery,,regional,,,,,,,,,,,,https://www.openstreetmap.org/node/5074575922,OPENSTREETMAP,OpenStreetMap contributors (ODbL),,,CANDIDATE,LEVEL_1_SOURCE_VERIFIED,2026-08-13,false,false,false,false,false,,,,,INSUFFICIENT_DATA,,,,LOW,"OSM tags: {""amenity"": ""restaurant"", ""capacity"": ""50"", ""check_date"": ""2025-11-02"", ""cuisine"": ""regional"", ""name"": ""Midtown Multicuisine Restaurant"", ""name:en"": ""Midtown multi cuisine restaurant""} | area DERIVED from OSM coordinates (nearest locality centroid, ~0.25 km); not source-stated"
HB-OSM-N5213122428,Lazy Mozo Backpackers,eatery,Jaipur,Rajasthan,Civil Lines,,,Shree Rampura Colony,,26.9069676,75.789381,OSM_MAPPED,"34-A, Shree Rampura Colony, Jaipur, 302006",small_eatery,,,,,,,,,,,,,,https://www.openstreetmap.org/node/5213122428,OPENSTREETMAP,OpenStreetMap contributors (ODbL),,,CANDIDATE,LEVEL_1_SOURCE_VERIFIED,2026-08-13,false,false,false,false,false,,,,,INSUFFICIENT_DATA,,,,LOW,"OSM tags: {""addr:city"": ""Jaipur"", ""addr:housenumber"": ""34-A"", ""addr:postcode"": ""302006"", ""addr:street"": ""Shree Rampura Colony"", ""amenity"": ""restaurant"", ""name"": ""Lazy Mozo Backpackers""} | area DERIVED from OSM coordinates (nearest locality centroid, ~0.41 km); not source-stated"
HB-OSM-N5227030921,"RESTAURANT , JAIPUR",eatery,Jaipur,Rajasthan,,,,,,26.9498381,75.8421508,OSM_MAPPED,,small_eatery,,,,,,,,,,,,,,https://www.openstreetmap.org/node/5227030921,OPENSTREETMAP,OpenStreetMap contributors (ODbL),,,CANDIDATE,LEVEL_1_SOURCE_VERIFIED,2026-08-13,false,false,false,false,false,,,,,INSUFFICIENT_DATA,,,,LOW,"OSM tags: {""amenity"": ""restaurant"", ""name"": ""RESTAURANT , JAIPUR"", ""name:ja"": ""あああ""}"
HB-OSM-N5249183922,Gulab Ji Chai,cafe,Jaipur,Rajasthan,Sindhi Camp,,,Mirza Ismail Road,,26.9194326,75.7997638,OSM_MAPPED,"Mirza Ismail Road, Jaipur",cafe,,bun_samosa;tea,,,,,06:00,20:00,,,,,,https://www.openstreetmap.org/node/5249183922,OPENSTREETMAP,OpenStreetMap contributors (ODbL),,,CANDIDATE,LEVEL_1_SOURCE_VERIFIED,2026-08-13,false,false,false,false,false,,,,,INSUFFICIENT_DATA,,,,LOW,"OSM tags: {""addr:city"": ""Jaipur"", ""addr:street"": ""Mirza Ismail Road"", ""amenity"": ""cafe"", ""cuisine"": ""bun_samosa;tea"", ""name"": ""Gulab Ji Chai"", ""opening_hours"": ""Mo-Su 06:00-20:00""} | area DERIVED from OSM coordinates (nearest locality centroid, ~0.18 km); not source-stated"
HB-OSM-N5249299221,The Tattoo Cafe,cafe,Jaipur,Rajasthan,Tripolia Bazaar,,,Badi Chaupar,,26.923806,75.827314,OSM_MAPPED,"30, Badi Chaupar, 302002",cafe,,sandwich;regional;international;cake;pasta;pancake;pizza;curry;indian;breakfast;local;italian,,,,,08:00,23:00,,+919828065533,,,,https://www.openstreetmap.org/node/5249299221,OPENSTREETMAP,OpenStreetMap contributors (ODbL),,,CANDIDATE,LEVEL_1_SOURCE_VERIFIED,2026-08-13,false,false,false,false,false,,,,,INSUFFICIENT_DATA,,,,LOW,"OSM tags: {""addr:housenumber"": ""30"", ""addr:postcode"": ""302002"", ""addr:street"": ""Badi Chaupar"", ""amenity"": ""cafe"", ""cuisine"": ""sandwich;regional;international;cake;pasta;pancake;pizza;curry;indian;breakfast;local;italian"", ""diet:vegan"": ""yes"", ""email"": ""Pandey.karan@outlook.com"", ""internet_access"": ""wlan"", ""name"": ""The Tattoo Cafe"", ""opening_hours"": ""Mo-Su 08:00-23:00"", ""phone"": ""+919828065533""} | area DERIVED from OSM coordinates (nearest locality centroid, ~0.43 km); not source-stated"
HB-OSM-N5283298222,Hawk View Roof Top Restaurant,eatery,Jaipur,Rajasthan,Tripolia Bazaar,,,,,26.9304622,75.8283513,OSM_MAPPED,,small_eatery,,grill;indian,,,,,,,,,,,,https://www.openstreetmap.org/node/5283298222,OPENSTREETMAP,OpenStreetMap contributors (ODbL),,,CANDIDATE,LEVEL_1_SOURCE_VERIFIED,2026-08-13,false,false,false,false,false,,,,,INSUFFICIENT_DATA,,,,LOW,"OSM tags: {""amenity"": ""restaurant"", ""cuisine"": ""grill;indian"", ""internet_access"": ""wlan"", ""name"": ""Hawk View Roof Top Restaurant"", ""name:en"": ""Hawk View Roof Top Restaurant"", ""name:hi"": ""Hawk View Roof Top Restaurant"", ""name:hu"": ""Hawk View Roof Top Restaurant""} | area DERIVED from OSM coordinates (nearest locality centroid, ~0.85 km); not source-stated"
HB-OSM-N5340747922,Shama Bhojnyala,eatery,Jaipur,Rajasthan,Sindhi Camp,,,,,26.9244566,75.78773,OSM_MAPPED,,small_eatery,,,,,,,,,,,,,,https://www.openstreetmap.org/node/5340747922,OPENSTREETMAP,OpenStreetMap contributors (ODbL),,,CANDIDATE,LEVEL_1_SOURCE_VERIFIED,2026-08-13,false,false,false,false,false,,,,,INSUFFICIENT_DATA,,,,LOW,"OSM tags: {""amenity"": ""restaurant"", ""name"": ""Shama Bhojnyala""} | area DERIVED from OSM coordinates (nearest locality centroid, ~1.28 km); not source-stated"
HB-OSM-N5342932521,"Maggie rooftop restaurant , Jaipur",eatery,Jaipur,Rajasthan,Sindhi Camp,,,,,26.9241359,75.7897529,OSM_MAPPED,,small_eatery,,,,,,,,,,,,,,https://www.openstreetmap.org/node/5342932521,OPENSTREETMAP,OpenStreetMap contributors (ODbL),,,CANDIDATE,LEVEL_1_SOURCE_VERIFIED,2026-08-13,false,false,false,false,false,,,,,INSUFFICIENT_DATA,,,,LOW,"OSM tags: {""amenity"": ""restaurant"", ""name"": ""Maggie rooftop restaurant , Jaipur""} | area DERIVED from OSM coordinates (nearest locality centroid, ~1.07 km); not source-stated"
HB-OSM-N5344204721,Street food and chai corner,food_stall_or_fast_food,Jaipur,Rajasthan,Chandpole,,,,,26.925004,75.8159025,OSM_MAPPED,,fast_food_snacks,,,,,,,,,,,,,,https://www.openstreetmap.org/node/5344204721,OPENSTREETMAP,OpenStreetMap contributors (ODbL),,,CANDIDATE,LEVEL_1_SOURCE_VERIFIED,2026-08-13,false,false,false,false,false,,,,,INSUFFICIENT_DATA,,,,LOW,"OSM tags: {""amenity"": ""fast_food"", ""name"": ""Street food and chai corner""} | area DERIVED from OSM coordinates (nearest locality centroid, ~0.19 km); not source-stated"
HB-OSM-N5344535321,Wind view cafe,cafe,Jaipur,Rajasthan,Tripolia Bazaar,,,,,26.9237491,75.8272853,OSM_MAPPED,,cafe,,,,,,,,,,,,,,https://www.openstreetmap.org/node/5344535321,OPENSTREETMAP,OpenStreetMap contributors (ODbL),,,CANDIDATE,LEVEL_1_SOURCE_VERIFIED,2026-08-13,false,false,false,false,false,,,,,INSUFFICIENT_DATA,,,,LOW,"OSM tags: {""amenity"": ""cafe"", ""name"": ""Wind view cafe""} | area DERIVED from OSM coordinates (nearest locality centroid, ~0.43 km); not source-stated"
HB-OSM-N5419597998,CIP Lounge Airport Jaipur,eatery,Jaipur,Rajasthan,Sanganer,,,,,26.8279302,75.8062494,OSM_MAPPED,,small_eatery,,,,,,,,,,,,,,https://www.openstreetmap.org/node/5419597998,OPENSTREETMAP,OpenStreetMap contributors (ODbL),,,CANDIDATE,LEVEL_1_SOURCE_VERIFIED,2026-08-13,false,false,false,false,false,,,,,INSUFFICIENT_DATA,,,,LOW,"OSM tags: {""amenity"": ""restaurant"", ""description"": ""First Floor"", ""level"": ""1"", ""name"": ""CIP Lounge Airport Jaipur""} | area DERIVED from OSM coordinates (nearest locality centroid, ~1.29 km); not source-stated"
HB-OSM-N5419597999,Airr Toast,cafe,Jaipur,Rajasthan,Sanganer,,,,,26.8277778,75.8061437,OSM_MAPPED,,cafe,,,,,,,,,,,,,,https://www.openstreetmap.org/node/5419597999,OPENSTREETMAP,OpenStreetMap contributors (ODbL),,,CANDIDATE,LEVEL_1_SOURCE_VERIFIED,2026-08-13,false,false,false,false,false,,,,,INSUFFICIENT_DATA,,,,LOW,"OSM tags: {""amenity"": ""cafe"", ""name"": ""Airr Toast""} | area DERIVED from OSM coordinates (nearest locality centroid, ~1.27 km); not source-stated"
HB-OSM-N5422169221,Curious Life Coffee Roasters,cafe,Jaipur,Rajasthan,C-Scheme,,,,,26.9042168,75.7969605,OSM_MAPPED,,cafe,,,,,,,,,,,,,,https://www.openstreetmap.org/node/5422169221,OPENSTREETMAP,OpenStreetMap contributors (ODbL),,,CANDIDATE,LEVEL_1_SOURCE_VERIFIED,2026-08-13,false,false,false,false,false,,,,,INSUFFICIENT_DATA,,,,LOW,"OSM tags: {""amenity"": ""cafe"", ""name"": ""Curious Life Coffee Roasters""} | area DERIVED from OSM coordinates (nearest locality centroid, ~0.45 km); not source-stated"
HB-OSM-N5579686421,Royal Sheritan Rooftop Bar,eatery,Jaipur,Rajasthan,Tripolia Bazaar,,,,,26.9304449,75.8284459,OSM_MAPPED,,small_eatery,,,,,,,,,,,,,,https://www.openstreetmap.org/node/5579686421,OPENSTREETMAP,OpenStreetMap contributors (ODbL),,,CANDIDATE,LEVEL_1_SOURCE_VERIFIED,2026-08-13,false,false,false,false,false,,,,,INSUFFICIENT_DATA,,,,LOW,"OSM tags: {""amenity"": ""restaurant"", ""name"": ""Royal Sheritan Rooftop Bar""} | area DERIVED from OSM coordinates (nearest locality centroid, ~0.85 km); not source-stated"
HB-OSM-N5603023822,"Restaurant , Jaipur",eatery,Jaipur,Rajasthan,,,,,,26.94956,75.837543,OSM_MAPPED,,small_eatery,,,,,,,,,,,,,,https://www.openstreetmap.org/node/5603023822,OPENSTREETMAP,OpenStreetMap contributors (ODbL),,,CANDIDATE,LEVEL_1_SOURCE_VERIFIED,2026-08-13,false,false,false,false,false,,,,,INSUFFICIENT_DATA,,,,LOW,"OSM tags: {""amenity"": ""restaurant"", ""name"": ""Restaurant , Jaipur"", ""name:ja"": ""Pink City Restaurant""}"
HB-OSM-N5717785320,Umaid Bhawan,eatery,Jaipur,Rajasthan,Sindhi Camp,,,,,26.9284344,75.7923832,OSM_MAPPED,,small_eatery,,indian,,,,,,,,,,,,https://www.openstreetmap.org/node/5717785320,OPENSTREETMAP,OpenStreetMap contributors (ODbL),,,CANDIDATE,LEVEL_1_SOURCE_VERIFIED,2026-08-13,false,false,false,false,false,,,,,INSUFFICIENT_DATA,,,,LOW,"OSM tags: {""amenity"": ""restaurant"", ""cuisine"": ""indian"", ""name"": ""Umaid Bhawan""} | area DERIVED from OSM coordinates (nearest locality centroid, ~1.12 km); not source-stated"
HB-OSM-N5953407587,Jaipur modern,eatery,Jaipur,Rajasthan,Sindhi Camp,,,,,26.9140104,75.7987636,OSM_MAPPED,,small_eatery,,,,,,,,,,,,,,https://www.openstreetmap.org/node/5953407587,OPENSTREETMAP,OpenStreetMap contributors (ODbL),,,CANDIDATE,LEVEL_1_SOURCE_VERIFIED,2026-08-13,false,false,false,false,false,,,,,INSUFFICIENT_DATA,,,,LOW,"OSM tags: {""amenity"": ""restaurant"", ""name"": ""Jaipur modern""} | area DERIVED from OSM coordinates (nearest locality centroid, ~0.79 km); not source-stated"
HB-OSM-N6029038596,Green pigeon,eatery,Jaipur,Rajasthan,Ramganj,,,,,26.9397188,75.8369813,OSM_MAPPED,,small_eatery,,,,,,,,,,,,,,https://www.openstreetmap.org/node/6029038596,OPENSTREETMAP,OpenStreetMap contributors (ODbL),,,CANDIDATE,LEVEL_1_SOURCE_VERIFIED,2026-08-13,false,false,false,false,false,,,,,INSUFFICIENT_DATA,,,,LOW,"OSM tags: {""amenity"": ""restaurant"", ""name"": ""Green pigeon""} | area DERIVED from OSM coordinates (nearest locality centroid, ~1.87 km); not source-stated"
HB-OSM-N6132079085,Lassiwara,food_stall_or_fast_food,Jaipur,Rajasthan,MI Road,,,,,26.9164866,75.8111981,OSM_MAPPED,,fast_food_snacks,,,,,,,,,,,,,,https://www.openstreetmap.org/node/6132079085,OPENSTREETMAP,OpenStreetMap contributors (ODbL),,,CANDIDATE,LEVEL_1_SOURCE_VERIFIED,2026-08-13,false,false,false,false,false,,,,,INSUFFICIENT_DATA,,,,LOW,"OSM tags: {""amenity"": ""fast_food"", ""name"": ""Lassiwara""} | area DERIVED from OSM coordinates (nearest locality centroid, ~0.18 km); not source-stated"
HB-OSM-N6132611585,Pandit Kulfi,unknown,Jaipur,Rajasthan,Tripolia Bazaar,,,Hawa Mahal Road,,26.9267387,75.8277588,OSM_MAPPED,Hawa Mahal Road,kulfi_ice_cream,,,,,,,,,,09414071922,,,,https://www.openstreetmap.org/node/6132611585,OPENSTREETMAP,OpenStreetMap contributors (ODbL),,,CANDIDATE,LEVEL_1_SOURCE_VERIFIED,2026-08-13,false,false,false,false,false,,,,,INSUFFICIENT_DATA,,,,LOW,"OSM tags: {""addr:street"": ""Hawa Mahal Road"", ""amenity"": ""ice_cream"", ""name"": ""Pandit Kulfi"", ""phone"": ""09414071922""} | area DERIVED from OSM coordinates (nearest locality centroid, ~0.53 km); not source-stated"
HB-OSM-N6158494085,CHANMAN,eatery,Jaipur,Rajasthan,Gopalpura,,,,,26.8615784,75.7956052,OSM_MAPPED,,small_eatery,,,,,,,,,,,,,,https://www.openstreetmap.org/node/6158494085,OPENSTREETMAP,OpenStreetMap contributors (ODbL),,,CANDIDATE,LEVEL_1_SOURCE_VERIFIED,2026-08-13,false,false,false,false,false,,,,,INSUFFICIENT_DATA,,,,LOW,"OSM tags: {""amenity"": ""restaurant"", ""name"": ""CHANMAN""} | area DERIVED from OSM coordinates (nearest locality centroid, ~1.42 km); not source-stated"
HB-OSM-N6249028885,Kalyan Rooftop Restaurant,eatery,Jaipur,Rajasthan,Sindhi Camp,,,Hari Kisham Somani Marg,,26.9162022,75.7958659,OSM_MAPPED,"59 hathroi fort, Hari Kisham Somani Marg, 302001",small_eatery,,italian_pizza;crepe;noodles;asian;pancake;italian;sandwich;curry;ice_cream;local;mediterranean;chinese;tea;fine_dining;pizza;pasta;indian,,,,,07:00,23:50,,9314501591,https://www.hotelkalyan.com/dining,,,https://www.openstreetmap.org/node/6249028885,OPENSTREETMAP,OpenStreetMap contributors (ODbL),,,CANDIDATE,LEVEL_1_SOURCE_VERIFIED,2026-08-13,false,false,false,false,false,,,,,INSUFFICIENT_DATA,,,,LOW,"OSM tags: {""addr:housenumber"": ""59 hathroi fort"", ""addr:postcode"": ""302001"", ""addr:street"": ""Hari Kisham Somani Marg"", ""amenity"": ""restaurant"", ""cuisine"": ""italian_pizza;crepe;noodles;asian;pancake;italian;sandwich;curry;ice_cream;local;mediterranean;chinese;tea;fine_dining;pizza;pasta;indian"", ""email"": ""hotelkalyan@gmail.com"", ""internet_access"": ""wlan"", ""name"": ""Kalyan Rooftop Restaurant"", ""opening_hours"": ""Mo-Su 07:00-23:50"", ""operator"": ""Manoj Gupta"", ""phone"": ""9314501591"", ""website"": ""https://www.hotelkalyan.com/dining""} | area DERIVED from OSM coordinates (nearest locality centroid, ~0.67 km); not source-stated"
HB-OSM-N6477759985,dasaprakash,eatery,Jaipur,Rajasthan,MI Road,,,,,26.9163003,75.8080015,OSM_MAPPED,,small_eatery,,indian,,,,,,,,,,,,https://www.openstreetmap.org/node/6477759985,OPENSTREETMAP,OpenStreetMap contributors (ODbL),,,CANDIDATE,LEVEL_1_SOURCE_VERIFIED,2026-08-13,false,false,false,false,false,,,,,INSUFFICIENT_DATA,,,,LOW,"OSM tags: {""amenity"": ""restaurant"", ""cuisine"": ""indian"", ""name"": ""dasaprakash"", ""name:en"": ""dasaprakash""} | area DERIVED from OSM coordinates (nearest locality centroid, ~0.5 km); not source-stated"
HB-OSM-N6479937688,Shri Krishna Restaurant,eatery,Jaipur,Rajasthan,Sindhi Camp,,,,,26.9242783,75.7883111,OSM_MAPPED,,small_eatery,,,,,,,,,,,,,,https://www.openstreetmap.org/node/6479937688,OPENSTREETMAP,OpenStreetMap contributors (ODbL),,,CANDIDATE,LEVEL_1_SOURCE_VERIFIED,2026-08-13,false,false,false,false,false,,,,,INSUFFICIENT_DATA,,,,LOW,"OSM tags: {""amenity"": ""restaurant"", ""description"": ""Indian restaurant (meal 60-120R, chapati 6R, thali 80-140R)"", ""name"": ""Shri Krishna Restaurant""} | area DERIVED from OSM coordinates (nearest locality centroid, ~1.21 km); not source-stated"
HB-OSM-N6509321886,Atithiya,eatery,Jaipur,Rajasthan,Sindhi Camp,,,Kabir Marg,,26.9253797,75.7909073,OSM_MAPPED,"Kabir Marg, 302016",small_eatery,,italian_pizza;pasta;asian;italian;indian,,,,,,,,8290405434,,,,https://www.openstreetmap.org/node/6509321886,OPENSTREETMAP,OpenStreetMap contributors (ODbL),,,CANDIDATE,LEVEL_1_SOURCE_VERIFIED,2026-08-13,false,false,false,false,false,,,,,INSUFFICIENT_DATA,,,,LOW,"OSM tags: {""addr:postcode"": ""302016"", ""addr:street"": ""Kabir Marg"", ""amenity"": ""restaurant"", ""cuisine"": ""italian_pizza;pasta;asian;italian;indian"", ""email"": ""atithiyacafe@gmail.com"", ""name"": ""Atithiya"", ""phone"": ""8290405434""} | area DERIVED from OSM coordinates (nearest locality centroid, ~1.02 km); not source-stated"
HB-OSM-N6718124385,Sahu Ki Chai,cafe,Jaipur,Rajasthan,Johari Bazaar,,,,,26.9183926,75.8213095,OSM_MAPPED,,cafe,,,,,,,,,,,,,,https://www.openstreetmap.org/node/6718124385,OPENSTREETMAP,OpenStreetMap contributors (ODbL),,,CANDIDATE,LEVEL_1_SOURCE_VERIFIED,2026-08-13,false,false,false,false,false,,,,,INSUFFICIENT_DATA,,,,LOW,"OSM tags: {""amenity"": ""cafe"", ""name"": ""Sahu Ki Chai""} | area DERIVED from OSM coordinates (nearest locality centroid, ~0.57 km); not source-stated"
HB-OSM-N6728959764,Amul Cafe,cafe,Jaipur,Rajasthan,,,,LNM Institute of Information Technology,,26.9347868,75.9233302,OSM_MAPPED,"Amul Cafe, LNM Institute of Information Technology, Jaipur, 302031",cafe,,coffee_shop;pizza;burger;sandwich;indian,,,,,,,,,,,,https://www.openstreetmap.org/node/6728959764,OPENSTREETMAP,OpenStreetMap contributors (ODbL),,,CANDIDATE,LEVEL_1_SOURCE_VERIFIED,2026-08-13,false,false,false,false,false,,,,,INSUFFICIENT_DATA,,,,LOW,"OSM tags: {""addr:city"": ""Jaipur"", ""addr:housenumber"": ""Amul Cafe"", ""addr:postcode"": ""302031"", ""addr:street"": ""LNM Institute of Information Technology"", ""amenity"": ""cafe"", ""cuisine"": ""coffee_shop;pizza;burger;sandwich;indian"", ""delivery"": ""yes"", ""internet_access"": ""yes"", ""internet_access:fee"": ""no"", ""name"": ""Amul Cafe"", ""outdoor_seating"": ""yes"", ""payment:cash"": ""yes"", ""payment:contactless"": ""yes""}"
HB-OSM-N6728990941,Bazingaa,eatery,Jaipur,Rajasthan,,,,LNMIIT,,26.9346954,75.9233219,OSM_MAPPED,"Bazingaa, LNMIIT, Jaipur, 302031",small_eatery,,pizza;regional;burger;italian;sandwich;indian,,,,,09:00,21:00,,,,,,https://www.openstreetmap.org/node/6728990941,OPENSTREETMAP,OpenStreetMap contributors (ODbL),,,CANDIDATE,LEVEL_1_SOURCE_VERIFIED,2026-08-13,false,false,false,false,false,,,,,INSUFFICIENT_DATA,,,,LOW,"OSM tags: {""addr:city"": ""Jaipur"", ""addr:housenumber"": ""Bazingaa"", ""addr:postcode"": ""302031"", ""addr:street"": ""LNMIIT"", ""amenity"": ""restaurant"", ""cuisine"": ""pizza;regional;burger;italian;sandwich;indian"", ""name"": ""Bazingaa"", ""opening_hours"": ""Mo-Su 09:00-21:00""}"
HB-OSM-N6728990942,Food Barn,eatery,Jaipur,Rajasthan,,,,LNMIIT,,26.9347409,75.9234112,OSM_MAPPED,"Food Barn, LNMIIT, Jaipur, 302031",small_eatery,,pizza;regional;burger;coffee_shop;indian,,,,,,,,,,,,https://www.openstreetmap.org/node/6728990942,OPENSTREETMAP,OpenStreetMap contributors (ODbL),,,CANDIDATE,LEVEL_1_SOURCE_VERIFIED,2026-08-13,false,false,false,false,false,,,,,INSUFFICIENT_DATA,,,,LOW,"OSM tags: {""addr:city"": ""Jaipur"", ""addr:housenumber"": ""Food Barn"", ""addr:postcode"": ""302031"", ""addr:street"": ""LNMIIT"", ""air_conditioning"": ""yes"", ""amenity"": ""restaurant"", ""cuisine"": ""pizza;regional;burger;coffee_shop;indian"", ""delivery"": ""yes"", ""name"": ""Food Barn"", ""opening_hours"": ""24/7""} | OSM opening_hours (unparsed): 24/7"
HB-OSM-N6766661285,Nibs Restaurant Cafe,cafe,Jaipur,Rajasthan,Civil Lines,,,,,26.9024904,75.7943953,OSM_MAPPED,,cafe,,,,,,,,,,,,,,https://www.openstreetmap.org/node/6766661285,OPENSTREETMAP,OpenStreetMap contributors (ODbL),,,CANDIDATE,LEVEL_1_SOURCE_VERIFIED,2026-08-13,false,false,false,false,false,,,,,INSUFFICIENT_DATA,,,,LOW,"OSM tags: {""amenity"": ""cafe"", ""name"": ""Nibs Restaurant Cafe""} | area DERIVED from OSM coordinates (nearest locality centroid, ~0.75 km); not source-stated"
HB-OSM-N6780596585,Tasty King,food_stall_or_fast_food,Jaipur,Rajasthan,Tripolia Bazaar,,,,,26.9214409,75.8192213,OSM_MAPPED,,fast_food_snacks,,,,,,,,,,,,,,https://www.openstreetmap.org/node/6780596585,OPENSTREETMAP,OpenStreetMap contributors (ODbL),,,CANDIDATE,LEVEL_1_SOURCE_VERIFIED,2026-08-13,false,false,false,false,false,,,,,INSUFFICIENT_DATA,,,,LOW,"OSM tags: {""amenity"": ""fast_food"", ""name"": ""Tasty King"", ""name:en"": ""Tasty King (cheap, quick and delicious)""} | area DERIVED from OSM coordinates (nearest locality centroid, ~0.51 km); not source-stated"
HB-OSM-N6815891298,Amarnath Café,cafe,Jaipur,Rajasthan,Malviya Nagar,,,,,26.8549744,75.8054398,OSM_MAPPED,,cafe,,,,,,,,,,,,,,https://www.openstreetmap.org/node/6815891298,OPENSTREETMAP,OpenStreetMap contributors (ODbL),,,CANDIDATE,LEVEL_1_SOURCE_VERIFIED,2026-08-13,false,false,false,false,false,,,,,INSUFFICIENT_DATA,,,,LOW,"OSM tags: {""amenity"": ""cafe"", ""name"": ""Amarnath Café""} | area DERIVED from OSM coordinates (nearest locality centroid, ~0.6 km); not source-stated"
HB-OSM-N6908274785,Brown Bites bakes and cafe,cafe,Jaipur,Rajasthan,C-Scheme,,,,,26.9053917,75.7943144,OSM_MAPPED,,cafe,,,,,,,,,,,,,,https://www.openstreetmap.org/node/6908274785,OPENSTREETMAP,OpenStreetMap contributors (ODbL),,,CANDIDATE,LEVEL_1_SOURCE_VERIFIED,2026-08-13,false,false,false,false,false,,,,,INSUFFICIENT_DATA,,,,LOW,"OSM tags: {""amenity"": ""cafe"", ""name"": ""Brown Bites bakes and cafe""} | area DERIVED from OSM coordinates (nearest locality centroid, ~0.67 km); not source-stated"
HB-OSM-N6966458471,Royal Bakery JTM mall,shop_bakery,Jaipur,Rajasthan,Jagatpura,,,Jagatpura Road,,26.8367694,75.8341023,OSM_MAPPED,"Jagatpura Road, jaipur, 302017",bakery,,,,,,,,,,,,,,https://www.openstreetmap.org/node/6966458471,OPENSTREETMAP,OpenStreetMap contributors (ODbL),,,CANDIDATE,LEVEL_1_SOURCE_VERIFIED,2026-08-13,false,false,false,false,false,,,,,INSUFFICIENT_DATA,,,,LOW,"OSM tags: {""addr:city"": ""jaipur"", ""addr:postcode"": ""302017"", ""addr:street"": ""Jagatpura Road"", ""name"": ""Royal Bakery JTM mall"", ""payment:cash"": ""yes"", ""payment:paytm"": ""yes"", ""payment:upi"": ""yes"", ""shop"": ""bakery""} | area DERIVED from OSM coordinates (nearest locality centroid, ~1.44 km); not source-stated"
HB-OSM-N6966530621,Venus Bakery,shop_bakery,Jaipur,Rajasthan,Vaishali Nagar,,,Queens Road,,26.902208,75.7537728,OSM_MAPPED,"Queens Road, Jaipur, 302021",bakery,,,,,,,,,,,,,,https://www.openstreetmap.org/node/6966530621,OPENSTREETMAP,OpenStreetMap contributors (ODbL),,,CANDIDATE,LEVEL_1_SOURCE_VERIFIED,2026-08-13,false,false,false,false,false,,,,,INSUFFICIENT_DATA,,,,LOW,"OSM tags: {""addr:city"": ""Jaipur"", ""addr:postcode"": ""302021"", ""addr:street"": ""Queens Road"", ""description"": ""Their Chicken Patty Is Best. No comparison. 5/5."", ""name"": ""Venus Bakery"", ""payment:card"": ""yes"", ""payment:cash"": ""yes"", ""payment:paytm"": ""yes"", ""payment:upi"": ""yes"", ""shop"": ""bakery""} | area DERIVED from OSM coordinates (nearest locality centroid, ~1.52 km); not source-stated"
HB-OSM-N6968230707,Kanha Restaurant,eatery,Jaipur,Rajasthan,Vaishali Nagar,,,,,26.9034635,75.7531462,OSM_MAPPED,,small_eatery,,,,,,,,,,,,,,https://www.openstreetmap.org/node/6968230707,OPENSTREETMAP,OpenStreetMap contributors (ODbL),,,CANDIDATE,LEVEL_1_SOURCE_VERIFIED,2026-08-13,false,false,false,false,false,,,,,INSUFFICIENT_DATA,,,,LOW,"OSM tags: {""amenity"": ""restaurant"", ""name"": ""Kanha Restaurant""} | area DERIVED from OSM coordinates (nearest locality centroid, ~1.39 km); not source-stated"
HB-OSM-N6976031004,Indian Sweets shop,shop_confectionery,Jaipur,Rajasthan,Vaishali Nagar,,,,,26.905766,75.7391259,OSM_MAPPED,,sweets,,,,,,,,,,,,,,https://www.openstreetmap.org/node/6976031004,OPENSTREETMAP,OpenStreetMap contributors (ODbL),,,CANDIDATE,LEVEL_1_SOURCE_VERIFIED,2026-08-13,false,false,false,false,false,,,,,INSUFFICIENT_DATA,,,,LOW,"OSM tags: {""name"": ""Indian Sweets shop"", ""shop"": ""confectionery""} | area DERIVED from OSM coordinates (nearest locality centroid, ~0.65 km); not source-stated"
HB-OSM-N6976031031,Jodhpur Sweets,shop_confectionery,Jaipur,Rajasthan,Vaishali Nagar,,,,,26.9123293,75.7381331,OSM_MAPPED,,sweets,,,,,,,,,,,,,,https://www.openstreetmap.org/node/6976031031,OPENSTREETMAP,OpenStreetMap contributors (ODbL),,,CANDIDATE,LEVEL_1_SOURCE_VERIFIED,2026-08-13,false,false,false,false,false,,,,,INSUFFICIENT_DATA,,,,LOW,"OSM tags: {""name"": ""Jodhpur Sweets"", ""shop"": ""confectionery""} | area DERIVED from OSM coordinates (nearest locality centroid, ~0.41 km); not source-stated"
HB-OSM-N6976031039,The Crust,shop_bakery,Jaipur,Rajasthan,Vaishali Nagar,,,,,26.9112249,75.7440669,OSM_MAPPED,,bakery,,,,,,,,,,,,,,https://www.openstreetmap.org/node/6976031039,OPENSTREETMAP,OpenStreetMap contributors (ODbL),,,CANDIDATE,LEVEL_1_SOURCE_VERIFIED,2026-08-13,false,false,false,false,false,,,,,INSUFFICIENT_DATA,,,,LOW,"OSM tags: {""name"": ""The Crust"", ""shop"": ""bakery""} | area DERIVED from OSM coordinates (nearest locality centroid, ~0.21 km); not source-stated"
HB-OSM-N6976031040,Royal Bakery,shop_bakery,Jaipur,Rajasthan,Vaishali Nagar,,,Vaishali Nagar,,26.9104383,75.7440869,OSM_MAPPED,"Vaishali Nagar, Jaipur, 302021",bakery,,,,,,,,,,+91-141-235595,,,,https://www.openstreetmap.org/node/6976031040,OPENSTREETMAP,OpenStreetMap contributors (ODbL),,,CANDIDATE,LEVEL_1_SOURCE_VERIFIED,2026-08-13,false,false,false,false,false,,,,,INSUFFICIENT_DATA,,,,LOW,"OSM tags: {""addr:city"": ""Jaipur"", ""addr:postcode"": ""302021"", ""addr:street"": ""Vaishali Nagar"", ""name"": ""Royal Bakery"", ""payment:cash"": ""yes"", ""payment:credit_cards"": ""yes"", ""payment:debit_cards"": ""yes"", ""payment:electronic_purses"": ""yes"", ""phone"": ""+91-141-235595"", ""shop"": ""bakery""} | area DERIVED from OSM coordinates (nearest locality centroid, ~0.22 km); not source-stated"
HB-OSM-N7007860485,Surabhi,eatery,Jaipur,Rajasthan,Ramganj,,,,,26.932025,75.8313405,OSM_MAPPED,,small_eatery,,,,,,,,,,,,,,https://www.openstreetmap.org/node/7007860485,OPENSTREETMAP,OpenStreetMap contributors (ODbL),,,CANDIDATE,LEVEL_1_SOURCE_VERIFIED,2026-08-13,false,false,false,false,false,,,,,INSUFFICIENT_DATA,,,,LOW,"OSM tags: {""amenity"": ""restaurant"", ""name"": ""Surabhi""} | area DERIVED from OSM coordinates (nearest locality centroid, ~1.07 km); not source-stated"
HB-OSM-N7030319490,Aanandam,eatery,Jaipur,Rajasthan,Ramganj,,,,,26.9388107,75.8379353,OSM_MAPPED,,small_eatery,,,,,,,,,,,,,,https://www.openstreetmap.org/node/7030319490,OPENSTREETMAP,OpenStreetMap contributors (ODbL),,,CANDIDATE,LEVEL_1_SOURCE_VERIFIED,2026-08-13,false,false,false,false,false,,,,,INSUFFICIENT_DATA,,,,LOW,"OSM tags: {""amenity"": ""restaurant"", ""name"": ""Aanandam""} | area DERIVED from OSM coordinates (nearest locality centroid, ~1.78 km); not source-stated"
HB-OSM-N7030319497,Grab A Coffee,cafe,Jaipur,Rajasthan,Gopalpura,,,,,26.8631143,75.7916013,OSM_MAPPED,,cafe,,,,,,,,,,,,,,https://www.openstreetmap.org/node/7030319497,OPENSTREETMAP,OpenStreetMap contributors (ODbL),,,CANDIDATE,LEVEL_1_SOURCE_VERIFIED,2026-08-13,false,false,false,false,false,,,,,INSUFFICIENT_DATA,,,,LOW,"OSM tags: {""amenity"": ""cafe"", ""name"": ""Grab A Coffee""} | area DERIVED from OSM coordinates (nearest locality centroid, ~1.04 km); not source-stated"
HB-OSM-N7030319501,Tan-Sukh,eatery,Jaipur,Rajasthan,Gopalpura,,,,,26.8645183,75.7966356,OSM_MAPPED,,small_eatery,,,,,,,,,,,,,,https://www.openstreetmap.org/node/7030319501,OPENSTREETMAP,OpenStreetMap contributors (ODbL),,,CANDIDATE,LEVEL_1_SOURCE_VERIFIED,2026-08-13,false,false,false,false,false,,,,,INSUFFICIENT_DATA,,,,LOW,"OSM tags: {""amenity"": ""restaurant"", ""name"": ""Tan-Sukh""} | area DERIVED from OSM coordinates (nearest locality centroid, ~1.28 km); not source-stated"
HB-OSM-N7041264656,Chanakya,eatery,Jaipur,Rajasthan,Vaishali Nagar,,,Chitrakoot Marg,,26.8931734,75.7393253,OSM_MAPPED,"Chitrakoot Marg, Jaipur, 302021",small_eatery,,,,,,,,,,,,,,https://www.openstreetmap.org/node/7041264656,OPENSTREETMAP,OpenStreetMap contributors (ODbL),,,CANDIDATE,LEVEL_1_SOURCE_VERIFIED,2026-08-13,false,false,false,false,false,,,,,INSUFFICIENT_DATA,,,,LOW,"OSM tags: {""addr:city"": ""Jaipur"", ""addr:postcode"": ""302021"", ""addr:street"": ""Chitrakoot Marg"", ""amenity"": ""restaurant"", ""name"": ""Chanakya""} | area DERIVED from OSM coordinates (nearest locality centroid, ~2.0 km); not source-stated"
HB-OSM-N7041677429,Sankalp,eatery,Jaipur,Rajasthan,Vaishali Nagar,,,Prince Road,,26.8968558,75.7519657,OSM_MAPPED,"Prince Road, Jaipur, 302021",small_eatery,,south_indian;indian,,,,,,,,,,,,https://www.openstreetmap.org/node/7041677429,OPENSTREETMAP,OpenStreetMap contributors (ODbL),,,CANDIDATE,LEVEL_1_SOURCE_VERIFIED,2026-08-13,false,false,false,false,false,,,,,INSUFFICIENT_DATA,,,,LOW,"OSM tags: {""addr:city"": ""Jaipur"", ""addr:postcode"": ""302021"", ""addr:street"": ""Prince Road"", ""amenity"": ""restaurant"", ""cuisine"": ""south_indian;indian"", ""name"": ""Sankalp""} | area DERIVED from OSM coordinates (nearest locality centroid, ~1.86 km); not source-stated"
HB-OSM-N7046290870,Virasat Heritage Restaurant,eatery,Jaipur,Rajasthan,Civil Lines,,,Sahakar Marg,,26.899449,75.7929487,OSM_MAPPED,"Sahakar Marg, jaipur",small_eatery,,,,,,,,,,,,,,https://www.openstreetmap.org/node/7046290870,OPENSTREETMAP,OpenStreetMap contributors (ODbL),,,CANDIDATE,LEVEL_1_SOURCE_VERIFIED,2026-08-13,false,false,false,false,false,,,,,INSUFFICIENT_DATA,,,,LOW,"OSM tags: {""addr:city"": ""jaipur"", ""addr:street"": ""Sahakar Marg"", ""amenity"": ""restaurant"", ""name"": ""Virasat Heritage Restaurant"", ""name:hi"": ""विरासत रेस्टोरेंट""} | area DERIVED from OSM coordinates (nearest locality centroid, ~0.78 km); not source-stated"
HB-OSM-N7066243311,Jodhpur sweets,shop_bakery,Jaipur,Rajasthan,Jagatpura,,,,,26.8350018,75.8348815,OSM_MAPPED,302017,bakery,,,,,,,,,,,,,,https://www.openstreetmap.org/node/7066243311,OPENSTREETMAP,OpenStreetMap contributors (ODbL),,,CANDIDATE,LEVEL_1_SOURCE_VERIFIED,2026-08-13,false,false,false,false,false,,,,,INSUFFICIENT_DATA,,,,LOW,"OSM tags: {""addr:postcode"": ""302017"", ""name"": ""Jodhpur sweets"", ""shop"": ""bakery""} | area DERIVED from OSM coordinates (nearest locality centroid, ~1.32 km); not source-stated"
HB-OSM-N7068572485,Masala Chowk,food_stall_or_fast_food,Jaipur,Rajasthan,Bapu Bazaar,,,,,26.9102996,75.8205896,OSM_MAPPED,,fast_food_snacks,,indian,,,,,,,,,,,,https://www.openstreetmap.org/node/7068572485,OPENSTREETMAP,OpenStreetMap contributors (ODbL),,,CANDIDATE,LEVEL_1_SOURCE_VERIFIED,2026-08-13,false,false,false,false,false,,,,,INSUFFICIENT_DATA,,,,LOW,"OSM tags: {""amenity"": ""fast_food"", ""cuisine"": ""indian"", ""name"": ""Masala Chowk""} | area DERIVED from OSM coordinates (nearest locality centroid, ~0.3 km); not source-stated"
HB-OSM-N7084199742,Chai Chaskaa,cafe,Jaipur,Rajasthan,Vaishali Nagar,,,,,26.9011834,75.7342422,OSM_MAPPED,"A-14, Chitrakoot Stadium, Vaishali Nagar, Jaipur, 302021",cafe,,,,,,,,,,,,,,https://www.openstreetmap.org/node/7084199742,OPENSTREETMAP,OpenStreetMap contributors (ODbL),,,CANDIDATE,LEVEL_1_SOURCE_VERIFIED,2026-08-13,false,false,false,false,false,,,,,INSUFFICIENT_DATA,,,,LOW,"OSM tags: {""addr:city"": ""Jaipur"", ""addr:housenumber"": ""A-14, Chitrakoot Stadium, Vaishali Nagar"", ""addr:postcode"": ""302021"", ""amenity"": ""cafe"", ""internet_access"": ""yes"", ""name"": ""Chai Chaskaa"", ""outdoor_seating"": ""yes""} | area DERIVED from OSM coordinates (nearest locality centroid, ~1.34 km); not source-stated"
HB-OSM-N7084199743,Kullad - The Teafe',cafe,Jaipur,Rajasthan,Vaishali Nagar,,,,,26.9011858,75.7363862,OSM_MAPPED,"B-43, Chitrakoot Stadium, Vaishali Nagar, Jaipur, 302021",cafe,,,,,,,,,,,,,,https://www.openstreetmap.org/node/7084199743,OPENSTREETMAP,OpenStreetMap contributors (ODbL),,,CANDIDATE,LEVEL_1_SOURCE_VERIFIED,2026-08-13,false,false,false,false,false,,,,,INSUFFICIENT_DATA,,,,LOW,"OSM tags: {""addr:city"": ""Jaipur"", ""addr:housenumber"": ""B-43, Chitrakoot Stadium, Vaishali Nagar"", ""addr:postcode"": ""302021"", ""amenity"": ""cafe"", ""name"": ""Kullad - The Teafe'"", ""outdoor_seating"": ""yes""} | area DERIVED from OSM coordinates (nearest locality centroid, ~1.23 km); not source-stated"
HB-OSM-N7084199746,Shree Radhe,eatery,Jaipur,Rajasthan,Vaishali Nagar,,,,,26.9016025,75.7358029,OSM_MAPPED,,small_eatery,,indian,,,,,,,,,,,,https://www.openstreetmap.org/node/7084199746,OPENSTREETMAP,OpenStreetMap contributors (ODbL),,,CANDIDATE,LEVEL_1_SOURCE_VERIFIED,2026-08-13,false,false,false,false,false,,,,,INSUFFICIENT_DATA,,,,LOW,"OSM tags: {""amenity"": ""restaurant"", ""cuisine"": ""indian"", ""name"": ""Shree Radhe""} | area DERIVED from OSM coordinates (nearest locality centroid, ~1.21 km); not source-stated"
HB-OSM-N7084199747,Tempties,cafe,Jaipur,Rajasthan,Vaishali Nagar,,,,,26.9004765,75.7364033,OSM_MAPPED,"C5, Chitrakoot Stadium, Vaishali Nagar, Jaipur, 302021",cafe,,fast_food,,,,,,,,,,,,https://www.openstreetmap.org/node/7084199747,OPENSTREETMAP,OpenStreetMap contributors (ODbL),,,CANDIDATE,LEVEL_1_SOURCE_VERIFIED,2026-08-13,false,false,false,false,false,,,,,INSUFFICIENT_DATA,,,,LOW,"OSM tags: {""addr:city"": ""Jaipur"", ""addr:housenumber"": ""C5, Chitrakoot Stadium, Vaishali Nagar"", ""addr:postcode"": ""302021"", ""amenity"": ""cafe"", ""cuisine"": ""fast_food"", ""name"": ""Tempties""} | area DERIVED from OSM coordinates (nearest locality centroid, ~1.3 km); not source-stated"
HB-OSM-N7084199748,Cafe 48,cafe,Jaipur,Rajasthan,Vaishali Nagar,,,,,26.9002805,75.7363985,OSM_MAPPED,"C13, Chitrakoot Stadium, Vaishali Nagar, Jaipur, 302021",cafe,,fast_food,,,,,,,,,,,,https://www.openstreetmap.org/node/7084199748,OPENSTREETMAP,OpenStreetMap contributors (ODbL),,,CANDIDATE,LEVEL_1_SOURCE_VERIFIED,2026-08-13,false,false,false,false,false,,,,,INSUFFICIENT_DATA,,,,LOW,"OSM tags: {""addr:city"": ""Jaipur"", ""addr:housenumber"": ""C13, Chitrakoot Stadium, Vaishali Nagar"", ""addr:postcode"": ""302021"", ""amenity"": ""cafe"", ""cuisine"": ""fast_food"", ""name"": ""Cafe 48""} | area DERIVED from OSM coordinates (nearest locality centroid, ~1.32 km); not source-stated"
HB-OSM-N7084199767,North West Corner,eatery,Jaipur,Rajasthan,Vaishali Nagar,,,,,26.9017683,75.7368578,OSM_MAPPED,,small_eatery,,,,,,,,,,+9186967 77333,,,,https://www.openstreetmap.org/node/7084199767,OPENSTREETMAP,OpenStreetMap contributors (ODbL),,,CANDIDATE,LEVEL_1_SOURCE_VERIFIED,2026-08-13,false,false,false,false,false,,,,,INSUFFICIENT_DATA,,,,LOW,"OSM tags: {""amenity"": ""restaurant"", ""name"": ""North West Corner"", ""phone"": ""+9186967 77333""} | area DERIVED from OSM coordinates (nearest locality centroid, ~1.15 km); not source-stated"
HB-OSM-N7085549777,The Royal Ship,eatery,Jaipur,Rajasthan,Vaishali Nagar,,,,,26.9209197,75.7533318,OSM_MAPPED,,small_eatery,,,,,,,,,,,,,,https://www.openstreetmap.org/node/7085549777,OPENSTREETMAP,OpenStreetMap contributors (ODbL),,,CANDIDATE,LEVEL_1_SOURCE_VERIFIED,2026-08-13,false,false,false,false,false,,,,,INSUFFICIENT_DATA,,,,LOW,"OSM tags: {""amenity"": ""restaurant"", ""name"": ""The Royal Ship""} | area DERIVED from OSM coordinates (nearest locality centroid, ~1.57 km); not source-stated"
HB-OSM-N7085550075,Kebabs & Curries Company,eatery,Jaipur,Rajasthan,Vaishali Nagar,,,Chitrakoot Marg,,26.8987716,75.7387686,OSM_MAPPED,Chitrakoot Marg,small_eatery,,indian,,,,,,,,,,,,https://www.openstreetmap.org/node/7085550075,OPENSTREETMAP,OpenStreetMap contributors (ODbL),,,CANDIDATE,LEVEL_1_SOURCE_VERIFIED,2026-08-13,false,false,false,false,false,,,,,INSUFFICIENT_DATA,,,,LOW,"OSM tags: {""addr:street"": ""Chitrakoot Marg"", ""amenity"": ""restaurant"", ""cuisine"": ""indian"", ""name"": ""Kebabs & Curries Company""} | area DERIVED from OSM coordinates (nearest locality centroid, ~1.4 km); not source-stated"
HB-OSM-N7085550076,GoPure Natural Icecreams,unknown,Jaipur,Rajasthan,Vaishali Nagar,,,Janaki Marg,,26.8988344,75.7364888,OSM_MAPPED,Janaki Marg,kulfi_ice_cream,,,,,,,,,,,,,,https://www.openstreetmap.org/node/7085550076,OPENSTREETMAP,OpenStreetMap contributors (ODbL),,,CANDIDATE,LEVEL_1_SOURCE_VERIFIED,2026-08-13,false,false,false,false,false,,,,,INSUFFICIENT_DATA,,,,LOW,"OSM tags: {""addr:street"": ""Janaki Marg"", ""amenity"": ""ice_cream"", ""name"": ""GoPure Natural Icecreams""} | area DERIVED from OSM coordinates (nearest locality centroid, ~1.46 km); not source-stated"
HB-OSM-N7085550081,Kesar Kanha,eatery,Jaipur,Rajasthan,Vaishali Nagar,,,,,26.8991232,75.7385392,OSM_MAPPED,,small_eatery,,,,,,,,,,,,,,https://www.openstreetmap.org/node/7085550081,OPENSTREETMAP,OpenStreetMap contributors (ODbL),,,CANDIDATE,LEVEL_1_SOURCE_VERIFIED,2026-08-13,false,false,false,false,false,,,,,INSUFFICIENT_DATA,,,,LOW,"OSM tags: {""amenity"": ""restaurant"", ""name"": ""Kesar Kanha""} | area DERIVED from OSM coordinates (nearest locality centroid, ~1.36 km); not source-stated"
HB-OSM-N7086493586,map Acres,eatery,Jaipur,Rajasthan,Tripolia Bazaar,,,,,26.9289947,75.8252613,OSM_MAPPED,,small_eatery,,indian,,,,,,,,+91 99299 49258,,,,https://www.openstreetmap.org/node/7086493586,OPENSTREETMAP,OpenStreetMap contributors (ODbL),,,CANDIDATE,LEVEL_1_SOURCE_VERIFIED,2026-08-13,false,false,false,false,false,,,,,INSUFFICIENT_DATA,,,,LOW,"OSM tags: {""addr:full"": ""Near GovindTemple, Jalebi Chowk, Badi Chopad, J.D.A. Market, Jaipur"", ""amenity"": ""restaurant"", ""check_date"": ""2024-01-07"", ""cuisine"": ""indian"", ""diet:vegetarian"": ""yes"", ""name"": ""map Acres"", ""name:en"": ""Govindam Retreat"", ""phone"": ""+91 99299 49258""} | area DERIVED from OSM coordinates (nearest locality centroid, ~0.55 km); not source-stated"
HB-OSM-N7159785285,Samrat street food,eatery,Jaipur,Rajasthan,Tripolia Bazaar,,,,,26.921071,75.822143,OSM_MAPPED,,small_eatery,,,,,,,,,,,,,,https://www.openstreetmap.org/node/7159785285,OPENSTREETMAP,OpenStreetMap contributors (ODbL),,,CANDIDATE,LEVEL_1_SOURCE_VERIFIED,2026-08-13,false,false,false,false,false,,,,,INSUFFICIENT_DATA,,,,LOW,"OSM tags: {""amenity"": ""restaurant"", ""name"": ""Samrat street food""} | area DERIVED from OSM coordinates (nearest locality centroid, ~0.39 km); not source-stated"
HB-OSM-N7160138285,Chokha amer,eatery,Jaipur,Rajasthan,Amer,,,,,26.9898771,75.8537705,OSM_MAPPED,,small_eatery,,indian,,,,,,,,,,,,https://www.openstreetmap.org/node/7160138285,OPENSTREETMAP,OpenStreetMap contributors (ODbL),,,CANDIDATE,LEVEL_1_SOURCE_VERIFIED,2026-08-13,false,false,false,false,false,,,,,INSUFFICIENT_DATA,,,,LOW,"OSM tags: {""amenity"": ""restaurant"", ""cuisine"": ""indian"", ""diet:vegetarian"": ""yes"", ""name"": ""Chokha amer""} | area DERIVED from OSM coordinates (nearest locality centroid, ~0.54 km); not source-stated"
HB-OSM-N7190468085,Molly Moo,cafe,Jaipur,Rajasthan,C-Scheme,,,,,26.9113009,75.8017201,OSM_MAPPED,,cafe,,,,,,,,,,,,,,https://www.openstreetmap.org/node/7190468085,OPENSTREETMAP,OpenStreetMap contributors (ODbL),,,CANDIDATE,LEVEL_1_SOURCE_VERIFIED,2026-08-13,false,false,false,false,false,,,,,INSUFFICIENT_DATA,,,,LOW,"OSM tags: {""amenity"": ""cafe"", ""name"": ""Molly Moo""} | area DERIVED from OSM coordinates (nearest locality centroid, ~0.59 km); not source-stated"
HB-OSM-N7232291585,Charis cafe,cafe,Jaipur,Rajasthan,Sindhi Camp,,,Ajmer pulia,,26.9132795,75.7940823,OSM_MAPPED,"18, Ajmer pulia",cafe,,breakfast;indian,,,,,09:00,21:00,,+9190251 55906,https://charis-cafe-cafe.business.site,,,https://www.openstreetmap.org/node/7232291585,OPENSTREETMAP,OpenStreetMap contributors (ODbL),,,CANDIDATE,LEVEL_1_SOURCE_VERIFIED,2026-08-13,false,false,false,false,false,,,,,INSUFFICIENT_DATA,,,,LOW,"OSM tags: {""addr:housenumber"": ""18"", ""addr:street"": ""Ajmer pulia"", ""amenity"": ""cafe"", ""cuisine"": ""breakfast;indian"", ""diet:vegetarian"": ""yes"", ""name"": ""Charis cafe"", ""name:ru"": ""Чарис кафе"", ""opening_hours"": ""Mo-Su 09:00-21:00"", ""phone"": ""+9190251 55906"", ""website"": ""https://charis-cafe-cafe.business.site""} | area DERIVED from OSM coordinates (nearest locality centroid, ~1.04 km); not source-stated"
HB-OSM-N7250139186,"Blue door Cafe  , Jaipur",eatery,Jaipur,Rajasthan,Tripolia Bazaar,,,Kabutro ka chowk,,26.9266184,75.8269278,OSM_MAPPED,"Kabutro ka chowk, 302002",small_eatery,,indian;international,,,,,,,,+91 97841 04113,,,,https://www.openstreetmap.org/node/7250139186,OPENSTREETMAP,OpenStreetMap contributors (ODbL),,,CANDIDATE,LEVEL_1_SOURCE_VERIFIED,2026-08-13,false,false,false,false,false,,,,,INSUFFICIENT_DATA,,,,LOW,"OSM tags: {""addr:postcode"": ""302002"", ""addr:street"": ""Kabutro ka chowk"", ""amenity"": ""restaurant"", ""cuisine"": ""indian;international"", ""email"": ""r@jaipurecovillage.com"", ""internet_access"": ""wlan"", ""name"": ""Blue door Cafe  , Jaipur"", ""name:en"": ""Blue Door Cafe"", ""name:fr"": ""Café Veda"", ""opening_hours"": ""Su,Sa,Fr,Th,Tu-We,Mo 09:30-22:00"", ""phone"": ""+91 97841 04113""} | area DERIVED from OSM coordinates (nearest locality centroid, ~0.46 km); not source-stated | OSM opening_hours (unparsed): Su,Sa,Fr,Th,Tu-We,Mo 09:30-22:00"
HB-OSM-N7306107985,burger singh,food_stall_or_fast_food,Jaipur,Rajasthan,MI Road,,,,,26.9165819,75.8096329,OSM_MAPPED,,fast_food_snacks,,burger,,,,,11:00,22:00,,,,,,https://www.openstreetmap.org/node/7306107985,OPENSTREETMAP,OpenStreetMap contributors (ODbL),,,CANDIDATE,LEVEL_1_SOURCE_VERIFIED,2026-08-13,false,false,false,false,false,,,,,INSUFFICIENT_DATA,,,,LOW,"OSM tags: {""amenity"": ""fast_food"", ""cuisine"": ""burger"", ""diet:vegetarian"": ""yes"", ""name"": ""burger singh"", ""name:en"": ""Burger Singh"", ""opening_hours"": ""Mo-Su 11:00-22:00""} | area DERIVED from OSM coordinates (nearest locality centroid, ~0.33 km); not source-stated"
HB-OSM-N7684763326,The Hungry Owl,cafe,Jaipur,Rajasthan,Mansarovar,,,Madhyam Marg,,26.8487827,75.7691477,OSM_MAPPED,"94/09, Madhyam Marg, Jaipur, 302020",cafe,,pizza;coffee_shop;burger;italian;sandwich;chinese;ice_cream;shake,,,,,17:00,05:00,,,,,,https://www.openstreetmap.org/node/7684763326,OPENSTREETMAP,OpenStreetMap contributors (ODbL),,,CANDIDATE,LEVEL_1_SOURCE_VERIFIED,2026-08-13,false,false,false,false,false,,,,,INSUFFICIENT_DATA,,,,LOW,"OSM tags: {""addr:city"": ""Jaipur"", ""addr:housenumber"": ""94/09"", ""addr:postcode"": ""302020"", ""addr:street"": ""Madhyam Marg"", ""amenity"": ""cafe"", ""cuisine"": ""pizza;coffee_shop;burger;italian;sandwich;chinese;ice_cream;shake"", ""internet_access"": ""yes"", ""name"": ""The Hungry Owl"", ""opening_hours"": ""Mo-Su 17:00-05:00"", ""opening_hours:covid19"": ""closed"", ""outdoor_seating"": ""yes""} | area DERIVED from OSM coordinates (nearest locality centroid, ~0.71 km); not source-stated"
HB-OSM-N7969344386,Sri Motu Ram Prasadam,eatery,Jaipur,Rajasthan,Durgapura,,,,,26.8436065,75.8024609,OSM_MAPPED,,small_eatery,,thali,,,,,,,,,,,,https://www.openstreetmap.org/node/7969344386,OPENSTREETMAP,OpenStreetMap contributors (ODbL),,,CANDIDATE,LEVEL_1_SOURCE_VERIFIED,2026-08-13,false,false,false,false,false,,,,,INSUFFICIENT_DATA,,,,LOW,"OSM tags: {""addr:floor"": ""8"", ""addr:full"": ""8th floor, Corporate Tower, Jawahar Circle, Sector 8, Malviya Nagar, Jaipur"", ""amenity"": ""restaurant"", ""cuisine"": ""thali"", ""name"": ""Sri Motu Ram Prasadam""} | area DERIVED from OSM coordinates (nearest locality centroid, ~1.25 km); not source-stated"
HB-OSM-N8037689053,Chokhi Dhani - Tonk Road,eatery,Jaipur,Rajasthan,,,,Tonk Road,,26.7675872,75.8361121,OSM_MAPPED,"12 Miles, Tonk Road, Jaipur",small_eatery,,Rajasthani,,,,,17:00,23:00,,,,,,https://www.openstreetmap.org/node/8037689053,OPENSTREETMAP,OpenStreetMap contributors (ODbL),,,CANDIDATE,LEVEL_1_SOURCE_VERIFIED,2026-08-13,false,false,false,false,false,,,,,INSUFFICIENT_DATA,,,,LOW,"OSM tags: {""addr:city"": ""Jaipur"", ""addr:housenumber"": ""12 Miles"", ""addr:street"": ""Tonk Road"", ""amenity"": ""restaurant"", ""cuisine"": ""Rajasthani"", ""diet:vegetarian"": ""yes"", ""name"": ""Chokhi Dhani - Tonk Road"", ""not:name"": ""Choki_dhani;chhoki_dhani"", ""opening_hours"": ""Mo-Su 17:00-23:00""}"
HB-OSM-N8044543830,Chaudhary Canteen,cafe,Jaipur,Rajasthan,,,,IT Park Road,,26.7795829,75.8385864,OSM_MAPPED,IT Park Road,cafe,,regional,,,,,,,,,,,,https://www.openstreetmap.org/node/8044543830,OPENSTREETMAP,OpenStreetMap contributors (ODbL),,,CANDIDATE,LEVEL_1_SOURCE_VERIFIED,2026-08-13,false,false,false,false,false,,,,,INSUFFICIENT_DATA,,,,LOW,"OSM tags: {""addr:street"": ""IT Park Road"", ""amenity"": ""cafe"", ""cuisine"": ""regional"", ""name"": ""Chaudhary Canteen"", ""smoking"": ""yes""}"
HB-OSM-N8071848421,South Indian Dosa Corner,food_stall_or_fast_food,Jaipur,Rajasthan,Vaishali Nagar,,,,,26.9143066,75.7379933,OSM_MAPPED,,fast_food_snacks,,indian,,,,,,,,,,,,https://www.openstreetmap.org/node/8071848421,OPENSTREETMAP,OpenStreetMap contributors (ODbL),,,CANDIDATE,LEVEL_1_SOURCE_VERIFIED,2026-08-13,false,false,false,false,false,,,,,INSUFFICIENT_DATA,,,,LOW,"OSM tags: {""amenity"": ""fast_food"", ""cuisine"": ""indian"", ""name"": ""South Indian Dosa Corner""} | area DERIVED from OSM coordinates (nearest locality centroid, ~0.54 km); not source-stated"
HB-OSM-N8071848459,Shyam Sweets,shop_confectionery,Jaipur,Rajasthan,Vaishali Nagar,,,Vaishali Marg,,26.9148058,75.7380264,OSM_MAPPED,"B-103, Vaishali Marg, Jaipur, 302021",sweets,,,,,,,,,,,,,,https://www.openstreetmap.org/node/8071848459,OPENSTREETMAP,OpenStreetMap contributors (ODbL),,,CANDIDATE,LEVEL_1_SOURCE_VERIFIED,2026-08-13,false,false,false,false,false,,,,,INSUFFICIENT_DATA,,,,LOW,"OSM tags: {""addr:city"": ""Jaipur"", ""addr:housenumber"": ""B-103"", ""addr:postcode"": ""302021"", ""addr:street"": ""Vaishali Marg"", ""name"": ""Shyam Sweets"", ""name:hi"": ""श्याम स्वीट्स"", ""payment:cash"": ""yes"", ""payment:electronic_purses"": ""yes"", ""shop"": ""confectionery""} | area DERIVED from OSM coordinates (nearest locality centroid, ~0.58 km); not source-stated"
HB-OSM-N8083911704,Brown Sugar,shop_bakery,Jaipur,Rajasthan,Civil Lines,,,Hawa sadak,,26.9024065,75.7865482,OSM_MAPPED,Hawa sadak,bakery,,,,,,,,,,,,,,https://www.openstreetmap.org/node/8083911704,OPENSTREETMAP,OpenStreetMap contributors (ODbL),,,CANDIDATE,LEVEL_1_SOURCE_VERIFIED,2026-08-13,false,false,false,false,false,,,,,INSUFFICIENT_DATA,,,,LOW,"OSM tags: {""addr:street"": ""Hawa sadak"", ""name"": ""Brown Sugar"", ""shop"": ""bakery""} | area DERIVED from OSM coordinates (nearest locality centroid, ~0.18 km); not source-stated"
HB-OSM-N8087154678,Saras Dairy,shop_dairy,Jaipur,Rajasthan,Vaishali Nagar,,,,,26.9054236,75.7388882,OSM_MAPPED,,dairy_lassi,,,,,,,,,,,,,,https://www.openstreetmap.org/node/8087154678,OPENSTREETMAP,OpenStreetMap contributors (ODbL),,,CANDIDATE,LEVEL_1_SOURCE_VERIFIED,2026-08-13,false,false,false,false,false,,,,,INSUFFICIENT_DATA,,,,LOW,"OSM tags: {""name"": ""Saras Dairy"", ""shop"": ""dairy""} | area DERIVED from OSM coordinates (nearest locality centroid, ~0.69 km); not source-stated"
HB-OSM-N8088655773,Ridhi Sidhi Sweets,shop_confectionery,Jaipur,Rajasthan,Gopalpura,,,,,26.8734967,75.7760574,OSM_MAPPED,,sweets,,,,,,,,,,,,,,https://www.openstreetmap.org/node/8088655773,OPENSTREETMAP,OpenStreetMap contributors (ODbL),,,CANDIDATE,LEVEL_1_SOURCE_VERIFIED,2026-08-13,false,false,false,false,false,,,,,INSUFFICIENT_DATA,,,,LOW,"OSM tags: {""name"": ""Ridhi Sidhi Sweets"", ""shop"": ""confectionery""} | area DERIVED from OSM coordinates (nearest locality centroid, ~1.02 km); not source-stated"
HB-OSM-N8088655798,Gulnar Juice,food_stall_or_fast_food,Jaipur,Rajasthan,Gopalpura,,,Gopalpura Bypass,,26.8735628,75.7761313,OSM_MAPPED,Gopalpura Bypass,fast_food_snacks,,juice,,,,,,,,,,,,https://www.openstreetmap.org/node/8088655798,OPENSTREETMAP,OpenStreetMap contributors (ODbL),,,CANDIDATE,LEVEL_1_SOURCE_VERIFIED,2026-08-13,false,false,false,false,false,,,,,INSUFFICIENT_DATA,,,,LOW,"OSM tags: {""addr:street"": ""Gopalpura Bypass"", ""amenity"": ""fast_food"", ""cuisine"": ""juice"", ""name"": ""Gulnar Juice""} | area DERIVED from OSM coordinates (nearest locality centroid, ~1.02 km); not source-stated"
HB-OSM-N8090272809,One Two Ka Four,shop_bakery,Jaipur,Rajasthan,Vaishali Nagar,,,,,26.896566,75.7391914,OSM_MAPPED,,bakery,,,,,,,,,,,,,,https://www.openstreetmap.org/node/8090272809,OPENSTREETMAP,OpenStreetMap contributors (ODbL),,,CANDIDATE,LEVEL_1_SOURCE_VERIFIED,2026-08-13,false,false,false,false,false,,,,,INSUFFICIENT_DATA,,,,LOW,"OSM tags: {""name"": ""One Two Ka Four"", ""shop"": ""bakery""} | area DERIVED from OSM coordinates (nearest locality centroid, ~1.63 km); not source-stated"
HB-OSM-N8090275218,Jodhpur Sweet Centre,shop_confectionery,Jaipur,Rajasthan,Vaishali Nagar,,,,,26.8965433,75.7388928,OSM_MAPPED,,sweets,,,,,,,,,,,,,,https://www.openstreetmap.org/node/8090275218,OPENSTREETMAP,OpenStreetMap contributors (ODbL),,,CANDIDATE,LEVEL_1_SOURCE_VERIFIED,2026-08-13,false,false,false,false,false,,,,,INSUFFICIENT_DATA,,,,LOW,"OSM tags: {""name"": ""Jodhpur Sweet Centre"", ""shop"": ""confectionery""} | area DERIVED from OSM coordinates (nearest locality centroid, ~1.64 km); not source-stated"
HB-OSM-N8119003843,Coffee Break,cafe,Jaipur,Rajasthan,Vaishali Nagar,,,,,26.9091075,75.738462,OSM_MAPPED,,cafe,,,,,,,10:30,23:00,,+916376615428,,,,https://www.openstreetmap.org/node/8119003843,OPENSTREETMAP,OpenStreetMap contributors (ODbL),,,CANDIDATE,LEVEL_1_SOURCE_VERIFIED,2026-08-13,false,false,false,false,false,,,,,INSUFFICIENT_DATA,,,,LOW,"OSM tags: {""addr:full"": ""Jagdamba Colony, Nursery Circle"", ""amenity"": ""cafe"", ""name"": ""Coffee Break"", ""opening_hours"": ""Mo-Su 10:30-23:00"", ""phone"": ""+916376615428""} | area DERIVED from OSM coordinates (nearest locality centroid, ~0.41 km); not source-stated"
HB-OSM-N8120433448,Bhairu Sahu Matka Kulfi Juice & Ice Cream,shop_confectionery,Jaipur,Rajasthan,Civil Lines,,,,,26.8993887,75.7838445,OSM_MAPPED,,sweets,,,,,,,,,,,,,,https://www.openstreetmap.org/node/8120433448,OPENSTREETMAP,OpenStreetMap contributors (ODbL),,,CANDIDATE,LEVEL_1_SOURCE_VERIFIED,2026-08-13,false,false,false,false,false,,,,,INSUFFICIENT_DATA,,,,LOW,"OSM tags: {""name"": ""Bhairu Sahu Matka Kulfi Juice & Ice Cream"", ""shop"": ""confectionery""} | area DERIVED from OSM coordinates (nearest locality centroid, ~0.6 km); not source-stated"
HB-OSM-N8125618821,Juicy Fruity,food_stall_or_fast_food,Jaipur,Rajasthan,Adarsh Nagar,,,,,26.9031105,75.8366548,OSM_MAPPED,,fast_food_snacks,,juice,,,,,,,,,,,,https://www.openstreetmap.org/node/8125618821,OPENSTREETMAP,OpenStreetMap contributors (ODbL),,,CANDIDATE,LEVEL_1_SOURCE_VERIFIED,2026-08-13,false,false,false,false,false,,,,,INSUFFICIENT_DATA,,,,LOW,"OSM tags: {""amenity"": ""fast_food"", ""cuisine"": ""juice"", ""name"": ""Juicy Fruity""} | area DERIVED from OSM coordinates (nearest locality centroid, ~0.07 km); not source-stated"
HB-OSM-N8125618822,The Food Court,food_court,Jaipur,Rajasthan,Adarsh Nagar,,,,,26.903362,75.8368928,OSM_MAPPED,,food_court,,,,,,,,,,,,,,https://www.openstreetmap.org/node/8125618822,OPENSTREETMAP,OpenStreetMap contributors (ODbL),,,CANDIDATE,LEVEL_1_SOURCE_VERIFIED,2026-08-13,false,false,false,false,false,,,,,INSUFFICIENT_DATA,,,,LOW,"OSM tags: {""amenity"": ""food_court"", ""name"": ""The Food Court""} | area DERIVED from OSM coordinates (nearest locality centroid, ~0.1 km); not source-stated"
HB-OSM-N8125618825,American Grill,food_stall_or_fast_food,Jaipur,Rajasthan,Adarsh Nagar,,,,,26.9033299,75.836829,OSM_MAPPED,,fast_food_snacks,,,,,,,,,,,,,,https://www.openstreetmap.org/node/8125618825,OPENSTREETMAP,OpenStreetMap contributors (ODbL),,,CANDIDATE,LEVEL_1_SOURCE_VERIFIED,2026-08-13,false,false,false,false,false,,,,,INSUFFICIENT_DATA,,,,LOW,"OSM tags: {""amenity"": ""fast_food"", ""name"": ""American Grill""} | area DERIVED from OSM coordinates (nearest locality centroid, ~0.09 km); not source-stated"
HB-OSM-N8140727758,Frontier Biscuits,shop_bakery,Jaipur,Rajasthan,Vaishali Nagar,,,,,26.9109947,75.7440542,OSM_MAPPED,,bakery,,,,,,,,,,,,,,https://www.openstreetmap.org/node/8140727758,OPENSTREETMAP,OpenStreetMap contributors (ODbL),,,CANDIDATE,LEVEL_1_SOURCE_VERIFIED,2026-08-13,false,false,false,false,false,,,,,INSUFFICIENT_DATA,,,,LOW,"OSM tags: {""name"": ""Frontier Biscuits"", ""shop"": ""bakery""} | area DERIVED from OSM coordinates (nearest locality centroid, ~0.2 km); not source-stated"
HB-OSM-N8140978704,Dengri's - The Restro Lounge,eatery,Jaipur,Rajasthan,Vaishali Nagar,,,,,26.9102046,75.7434242,OSM_MAPPED,,small_eatery,,,,,,,,,,,,,,https://www.openstreetmap.org/node/8140978704,OPENSTREETMAP,OpenStreetMap contributors (ODbL),,,CANDIDATE,LEVEL_1_SOURCE_VERIFIED,2026-08-13,false,false,false,false,false,,,,,INSUFFICIENT_DATA,,,,LOW,"OSM tags: {""amenity"": ""restaurant"", ""name"": ""Dengri's - The Restro Lounge""} | area DERIVED from OSM coordinates (nearest locality centroid, ~0.17 km); not source-stated"
HB-OSM-N8140978705,Choco Cheri,shop_bakery,Jaipur,Rajasthan,Vaishali Nagar,,,,,26.9102837,75.7437465,OSM_MAPPED,E-20,bakery,,,,,,,,,,,,,,https://www.openstreetmap.org/node/8140978705,OPENSTREETMAP,OpenStreetMap contributors (ODbL),,,CANDIDATE,LEVEL_1_SOURCE_VERIFIED,2026-08-13,false,false,false,false,false,,,,,INSUFFICIENT_DATA,,,,LOW,"OSM tags: {""addr:housenumber"": ""E-20"", ""name"": ""Choco Cheri"", ""shop"": ""bakery""} | area DERIVED from OSM coordinates (nearest locality centroid, ~0.19 km); not source-stated"
HB-OSM-N8379213954,Coffee America,cafe,Jaipur,Rajasthan,Mansarovar,,,Shipra Path,,26.8613782,75.7735375,OSM_MAPPED,"76\9, Shipra Path, Jaipur, 302020",cafe,,coffee_shop;pizza;italian;chinese;regional,,,,,10:00,23:00,,+917737034113,,,,https://www.openstreetmap.org/node/8379213954,OPENSTREETMAP,OpenStreetMap contributors (ODbL),,,CANDIDATE,LEVEL_1_SOURCE_VERIFIED,2026-08-13,false,false,false,false,false,,,,,INSUFFICIENT_DATA,,,,LOW,"OSM tags: {""addr:city"": ""Jaipur"", ""addr:housenumber"": ""76\\9"", ""addr:postcode"": ""302020"", ""addr:street"": ""Shipra Path"", ""amenity"": ""cafe"", ""cuisine"": ""coffee_shop;pizza;italian;chinese;regional"", ""delivery"": ""yes"", ""internet_access"": ""yes"", ""internet_access:fee"": ""yes"", ""name"": ""Coffee America"", ""opening_hours"": ""Mo-Su 10:00-23:00"", ""outdoor_seating"": ""yes"", ""phone"": ""+917737034113""} | area DERIVED from OSM coordinates (nearest locality centroid, ~1.48 km); not source-stated"
HB-OSM-N8624888435,Mehta Pustak Bhandar,eatery,Jaipur,Rajasthan,Johari Bazaar,,,,,26.9194619,75.8216071,OSM_MAPPED,333,small_eatery,,,,,,,,,,,,,,https://www.openstreetmap.org/node/8624888435,OPENSTREETMAP,OpenStreetMap contributors (ODbL),,,CANDIDATE,LEVEL_1_SOURCE_VERIFIED,2026-08-13,false,false,false,false,false,,,,,INSUFFICIENT_DATA,,,,LOW,"OSM tags: {""addr:housenumber"": ""333"", ""amenity"": ""restaurant"", ""name"": ""Mehta Pustak Bhandar"", ""shop"": ""books""} | area DERIVED from OSM coordinates (nearest locality centroid, ~0.54 km); not source-stated"
HB-OSM-N8624888436,Black Pizza,eatery,Jaipur,Rajasthan,Bapu Bazaar,,,,,26.9061335,75.822165,OSM_MAPPED,,small_eatery,,,,,,,,,,,,,,https://www.openstreetmap.org/node/8624888436,OPENSTREETMAP,OpenStreetMap contributors (ODbL),,,CANDIDATE,LEVEL_1_SOURCE_VERIFIED,2026-08-13,false,false,false,false,false,,,,,INSUFFICIENT_DATA,,,,LOW,"OSM tags: {""amenity"": ""restaurant"", ""name"": ""Black Pizza""} | area DERIVED from OSM coordinates (nearest locality centroid, ~0.77 km); not source-stated"
HB-OSM-N8632333092,Herbs On Pizza,food_stall_or_fast_food,Jaipur,Rajasthan,Vidyadhar Nagar,,,"Pravasi Nagar, Murlipura",,26.9700049,75.7623864,OSM_MAPPED,"16/17, Pravasi Nagar, Murlipura, Jaipur, 302039",fast_food_snacks,,pizza;tacos,,,,,11:00,23:00,,+919783011116,https://healthyfoodvillage.com/,,,https://www.openstreetmap.org/node/8632333092,OPENSTREETMAP,OpenStreetMap contributors (ODbL),,,CANDIDATE,LEVEL_1_SOURCE_VERIFIED,2026-08-13,false,false,false,false,false,,,,,INSUFFICIENT_DATA,,,,LOW,"OSM tags: {""addr:city"": ""Jaipur"", ""addr:housenumber"": ""16/17"", ""addr:postcode"": ""302039"", ""addr:street"": ""Pravasi Nagar, Murlipura"", ""amenity"": ""fast_food"", ""cuisine"": ""pizza;tacos"", ""delivery"": ""yes"", ""drive_through"": ""no"", ""name"": ""Herbs On Pizza"", ""opening_hours"": ""Mo-Su 11:00-23:00"", ""operator"": ""Healthy Food Village Private Limited"", ""phone"": ""+919783011116"", ""takeaway"": ""yes"", ""website"": ""https://healthyfoodvillage.com/""} | area DERIVED from OSM coordinates (nearest locality centroid, ~2.13 km); not source-stated"
HB-OSM-N8887611105,bablu tea stall,cafe,Jaipur,Rajasthan,,,,,,26.8465067,75.8940019,OSM_MAPPED,"jaipur, 302017",cafe,,,,,,,,,,,,,,https://www.openstreetmap.org/node/8887611105,OPENSTREETMAP,OpenStreetMap contributors (ODbL),,,CANDIDATE,LEVEL_1_SOURCE_VERIFIED,2026-08-13,false,false,false,false,false,,,,,INSUFFICIENT_DATA,,,,LOW,"OSM tags: {""addr:city"": ""jaipur"", ""addr:postcode"": ""302017"", ""amenity"": ""cafe"", ""internet_access"": ""no"", ""name"": ""bablu tea stall"", ""opening_hours:covid19"": ""off"", ""outdoor_seating"": ""yes""}"
HB-OSM-N8887639428,Saras Dairy,shop_dairy,Jaipur,Rajasthan,,,,,,26.8418472,75.8922605,OSM_MAPPED,,dairy_lassi,,,,,,,,,,,,,,https://www.openstreetmap.org/node/8887639428,OPENSTREETMAP,OpenStreetMap contributors (ODbL),,,CANDIDATE,LEVEL_1_SOURCE_VERIFIED,2026-08-13,false,false,false,false,false,,,,,INSUFFICIENT_DATA,,,,LOW,"OSM tags: {""fixme"": ""add proper tags:  Dairy = saras dairy"", ""name"": ""Saras Dairy"", ""shop"": ""dairy""}"
HB-OSM-N8887645034,omji tea stole,cafe,Jaipur,Rajasthan,,,,,,26.8414227,75.8922946,OSM_MAPPED,"jaipur, 302017",cafe,,,,,,,,,,,,,,https://www.openstreetmap.org/node/8887645034,OPENSTREETMAP,OpenStreetMap contributors (ODbL),,,CANDIDATE,LEVEL_1_SOURCE_VERIFIED,2026-08-13,false,false,false,false,false,,,,,INSUFFICIENT_DATA,,,,LOW,"OSM tags: {""addr:city"": ""jaipur"", ""addr:postcode"": ""302017"", ""amenity"": ""cafe"", ""internet_access"": ""no"", ""name"": ""omji tea stole"", ""opening_hours:covid19"": ""off""}"
HB-OSM-N8887995501,braj tea stall,cafe,Jaipur,Rajasthan,,,,,,26.8413945,75.8919855,OSM_MAPPED,,cafe,,,,,,,,,,,,,,https://www.openstreetmap.org/node/8887995501,OPENSTREETMAP,OpenStreetMap contributors (ODbL),,,CANDIDATE,LEVEL_1_SOURCE_VERIFIED,2026-08-13,false,false,false,false,false,,,,,INSUFFICIENT_DATA,,,,LOW,"OSM tags: {""amenity"": ""cafe"", ""name"": ""braj tea stall""}"
HB-OSM-N8891919680,Gauri sweet,shop_confectionery,Jaipur,Rajasthan,Jagatpura,,,,,26.8363861,75.8720631,OSM_MAPPED,302017,sweets,,,,,,,,,,,,,,https://www.openstreetmap.org/node/8891919680,OPENSTREETMAP,OpenStreetMap contributors (ODbL),,,CANDIDATE,LEVEL_1_SOURCE_VERIFIED,2026-08-13,false,false,false,false,false,,,,,INSUFFICIENT_DATA,,,,LOW,"OSM tags: {""addr:postcode"": ""302017"", ""name"": ""Gauri sweet"", ""shop"": ""confectionery""} | area DERIVED from OSM coordinates (nearest locality centroid, ~2.42 km); not source-stated"
HB-OSM-N8892854930,Saras Dairy Sector 6,shop_dairy,Jaipur,Rajasthan,,,,,,26.8371014,75.8920437,OSM_MAPPED,302017,dairy_lassi,,,,,,,,,,,,,,https://www.openstreetmap.org/node/8892854930,OPENSTREETMAP,OpenStreetMap contributors (ODbL),,,CANDIDATE,LEVEL_1_SOURCE_VERIFIED,2026-08-13,false,false,false,false,false,,,,,INSUFFICIENT_DATA,,,,LOW,"OSM tags: {""addr:postcode"": ""302017"", ""name"": ""Saras Dairy Sector 6"", ""shop"": ""dairy""}"
HB-OSM-N8900590496,"sector - 5 , dairy",shop_dairy,Jaipur,Rajasthan,,,,,,26.8366152,75.8850804,OSM_MAPPED,,dairy_lassi,,,,,,,,,,,,,,https://www.openstreetmap.org/node/8900590496,OPENSTREETMAP,OpenStreetMap contributors (ODbL),,,CANDIDATE,LEVEL_1_SOURCE_VERIFIED,2026-08-13,false,false,false,false,false,,,,,INSUFFICIENT_DATA,,,,LOW,"OSM tags: {""name"": ""sector - 5 , dairy"", ""shop"": ""dairy""}"
HB-OSM-N8900651448,banavari thadi,cafe,Jaipur,Rajasthan,,,,,,26.8358975,75.8769066,OSM_MAPPED,,cafe,,,,,,,,,,,,,,https://www.openstreetmap.org/node/8900651448,OPENSTREETMAP,OpenStreetMap contributors (ODbL),,,CANDIDATE,LEVEL_1_SOURCE_VERIFIED,2026-08-13,false,false,false,false,false,,,,,INSUFFICIENT_DATA,,,,LOW,"OSM tags: {""amenity"": ""cafe"", ""name"": ""banavari thadi""}"
HB-OSM-N8903968898,Tan-Sukh,eatery,Jaipur,Rajasthan,Vaishali Nagar,,,,,26.9035157,75.7530934,OSM_MAPPED,,small_eatery,,,,,,,,,,,,,,https://www.openstreetmap.org/node/8903968898,OPENSTREETMAP,OpenStreetMap contributors (ODbL),,,CANDIDATE,LEVEL_1_SOURCE_VERIFIED,2026-08-13,false,false,false,false,false,,,,,INSUFFICIENT_DATA,,,,LOW,"OSM tags: {""amenity"": ""restaurant"", ""name"": ""Tan-Sukh""} | area DERIVED from OSM coordinates (nearest locality centroid, ~1.38 km); not source-stated"
HB-OSM-N9495760718,Café BAE,cafe,Jaipur,Rajasthan,Civil Lines,,,"Sahkar Marg, Near 22 Godown Circle, C Scheme, Jaipur, Rajasthan 302006",,26.899789,75.7929507,OSM_MAPPED,"A/1, 21, Sahkar Marg, Near 22 Godown Circle, C Scheme, Jaipur, Rajasthan 302006",cafe,,,,,,,09:00,22:30,,,hotellasvegasjaipur.com,,,https://www.openstreetmap.org/node/9495760718,OPENSTREETMAP,OpenStreetMap contributors (ODbL),,,CANDIDATE,LEVEL_1_SOURCE_VERIFIED,2026-08-13,false,false,false,false,false,,,,,INSUFFICIENT_DATA,,,,LOW,"OSM tags: {""addr:housenumber"": ""A/1, 21"", ""addr:street"": ""Sahkar Marg, Near 22 Godown Circle, C Scheme, Jaipur, Rajasthan 302006"", ""amenity"": ""cafe"", ""description"": ""Breakfast, Continental & Asian fare served in a family-friendly space with outdoor seating."", ""name"": ""Café BAE"", ""opening_hours"": ""Mo-Su 09:00-22:30"", ""website"": ""hotellasvegasjaipur.com""} | area DERIVED from OSM coordinates (nearest locality centroid, ~0.75 km); not source-stated"
HB-OSM-N10013473818,thali and more,eatery,Jaipur,Rajasthan,C-Scheme,,,,,26.9109569,75.805667,OSM_MAPPED,"1st floor plot no, C 46, Sarojini Marg, Panch Batti, C Scheme, Ashok Nagar, Jaipur, Rajasthan 302001",small_eatery,,indian,,,,,,,,,,,,https://www.openstreetmap.org/node/10013473818,OPENSTREETMAP,OpenStreetMap contributors (ODbL),,,CANDIDATE,LEVEL_1_SOURCE_VERIFIED,2026-08-13,false,false,false,false,false,,,,,INSUFFICIENT_DATA,,,,LOW,"OSM tags: {""addr:housenumber"": ""1st floor plot no, C 46, Sarojini Marg, Panch Batti, C Scheme, Ashok Nagar, Jaipur, Rajasthan 302001"", ""amenity"": ""restaurant"", ""cuisine"": ""indian"", ""name"": ""thali and more"", ""name:en"": ""Thali & more""} | area DERIVED from OSM coordinates (nearest locality centroid, ~0.72 km); not source-stated"
HB-OSM-N10259447809,Vinay Restaurant,eatery,Jaipur,Rajasthan,Sindhi Camp,,,Shiv Marg,,26.9280901,75.7970653,OSM_MAPPED,"B19, Shiv Marg",small_eatery,,,,,,,,,,,,,,https://www.openstreetmap.org/node/10259447809,OPENSTREETMAP,OpenStreetMap contributors (ODbL),,,CANDIDATE,LEVEL_1_SOURCE_VERIFIED,2026-08-13,false,false,false,false,false,,,,,INSUFFICIENT_DATA,,,,LOW,"OSM tags: {""addr:housenumber"": ""B19"", ""addr:street"": ""Shiv Marg"", ""amenity"": ""restaurant"", ""name"": ""Vinay Restaurant"", ""name:en"": ""Jas kitchen"", ""opening_hours"": ""We-Mo 12:30-23:30""} | area DERIVED from OSM coordinates (nearest locality centroid, ~0.84 km); not source-stated | OSM opening_hours (unparsed): We-Mo 12:30-23:30"
HB-OSM-N10554368725,Terrazzo,eatery,Jaipur,Rajasthan,Gopalpura,,,Sahkar Marg,,26.881962,75.7974672,OSM_MAPPED,"Sahkar Marg, Jaipur, 302015",small_eatery,,,,,,,,,,,,,,https://www.openstreetmap.org/node/10554368725,OPENSTREETMAP,OpenStreetMap contributors (ODbL),,,CANDIDATE,LEVEL_1_SOURCE_VERIFIED,2026-08-13,false,false,false,false,false,,,,,INSUFFICIENT_DATA,,,,LOW,"OSM tags: {""addr:city"": ""Jaipur"", ""addr:postcode"": ""302015"", ""addr:state"": ""Rajasthan"", ""addr:street"": ""Sahkar Marg"", ""amenity"": ""restaurant"", ""name"": ""Terrazzo""} | area DERIVED from OSM coordinates (nearest locality centroid, ~1.67 km); not source-stated"
HB-OSM-N10554368726,"Talk Of The Town, Lal Kothi",eatery,Jaipur,Rajasthan,Gopalpura,,,,,26.8824325,75.797106,OSM_MAPPED,"Jaipur, 302015",small_eatery,,,,,,,,,,,,,,https://www.openstreetmap.org/node/10554368726,OPENSTREETMAP,OpenStreetMap contributors (ODbL),,,CANDIDATE,LEVEL_1_SOURCE_VERIFIED,2026-08-13,false,false,false,false,false,,,,,INSUFFICIENT_DATA,,,,LOW,"OSM tags: {""addr:city"": ""Jaipur"", ""addr:postcode"": ""302015"", ""addr:state"": ""Rajasthan"", ""amenity"": ""restaurant"", ""name"": ""Talk Of The Town, Lal Kothi""} | area DERIVED from OSM coordinates (nearest locality centroid, ~1.68 km); not source-stated"
HB-OSM-N10554368728,The Khopcha Cafe,cafe,Jaipur,Rajasthan,Gopalpura,,,Sahakar Marg,,26.8819484,75.7975186,OSM_MAPPED,"Sahakar Marg, Jaipur, 302015",cafe,,,,,,,,,,,,,,https://www.openstreetmap.org/node/10554368728,OPENSTREETMAP,OpenStreetMap contributors (ODbL),,,CANDIDATE,LEVEL_1_SOURCE_VERIFIED,2026-08-13,false,false,false,false,false,,,,,INSUFFICIENT_DATA,,,,LOW,"OSM tags: {""addr:city"": ""Jaipur"", ""addr:postcode"": ""302015"", ""addr:state"": ""Rajasthan"", ""addr:street"": ""Sahakar Marg"", ""amenity"": ""cafe"", ""name"": ""The Khopcha Cafe""} | area DERIVED from OSM coordinates (nearest locality centroid, ~1.67 km); not source-stated"
HB-OSM-N10561385109,Kabul Chicken Sajji,eatery,Jaipur,Rajasthan,Johari Bazaar,,,Ramganj Bazaar,,26.9221585,75.8300509,OSM_MAPPED,Ramganj Bazaar,small_eatery,,,,,,,,,,,,,,https://www.openstreetmap.org/node/10561385109,OPENSTREETMAP,OpenStreetMap contributors (ODbL),,,CANDIDATE,LEVEL_1_SOURCE_VERIFIED,2026-08-13,false,false,false,false,false,,,,,INSUFFICIENT_DATA,,,,LOW,"OSM tags: {""addr:street"": ""Ramganj Bazaar"", ""amenity"": ""restaurant"", ""name"": ""Kabul Chicken Sajji""} | area DERIVED from OSM coordinates (nearest locality centroid, ~0.46 km); not source-stated"
HB-OSM-N10744673403,Café coffee day,cafe,Jaipur,Rajasthan,Amer,,,,,26.9854069,75.8495623,OSM_MAPPED,,cafe,,,,,,,,,,,,,,https://www.openstreetmap.org/node/10744673403,OPENSTREETMAP,OpenStreetMap contributors (ODbL),,,CANDIDATE,LEVEL_1_SOURCE_VERIFIED,2026-08-13,false,false,false,false,false,,,,,INSUFFICIENT_DATA,,,,LOW,"OSM tags: {""amenity"": ""cafe"", ""name"": ""Café coffee day""} | area DERIVED from OSM coordinates (nearest locality centroid, ~0.17 km); not source-stated"
HB-OSM-N10745129341,Rajastani Thali Dal Baati Churma,eatery,Jaipur,Rajasthan,Sindhi Camp,,,,,26.9274262,75.7908643,OSM_MAPPED,,small_eatery,,indian,,,,,11:00,23:00,,085295 58481,,,,https://www.openstreetmap.org/node/10745129341,OPENSTREETMAP,OpenStreetMap contributors (ODbL),,,CANDIDATE,LEVEL_1_SOURCE_VERIFIED,2026-08-13,false,false,false,false,false,,,,,INSUFFICIENT_DATA,,,,LOW,"OSM tags: {""amenity"": ""restaurant"", ""cuisine"": ""indian"", ""name"": ""Rajastani Thali Dal Baati Churma"", ""opening_hours"": ""11:00-23:00"", ""phone"": ""085295 58481""} | area DERIVED from OSM coordinates (nearest locality centroid, ~1.15 km); not source-stated"
HB-OSM-N10899269954,The Warehouse Cafe,cafe,Jaipur,Rajasthan,C-Scheme,,,Gandhi Marg,,26.8860135,75.8036761,OSM_MAPPED,"Gandhi Marg, Jaipur, 302015",cafe,,coffee_shop;chinese;asian;ice_cream;chocolate,,,,,10:00,20:00,,,,,,https://www.openstreetmap.org/node/10899269954,OPENSTREETMAP,OpenStreetMap contributors (ODbL),,,CANDIDATE,LEVEL_1_SOURCE_VERIFIED,2026-08-13,false,false,false,false,false,,,,,INSUFFICIENT_DATA,,,,LOW,"OSM tags: {""addr:city"": ""Jaipur"", ""addr:postcode"": ""302015"", ""addr:street"": ""Gandhi Marg"", ""air_conditioning"": ""yes"", ""amenity"": ""cafe"", ""capacity"": ""45"", ""cuisine"": ""coffee_shop;chinese;asian;ice_cream;chocolate"", ""name"": ""The Warehouse Cafe"", ""opening_hours"": ""Mo-Su 10:00-20:00""} | area DERIVED from OSM coordinates (nearest locality centroid, ~2.24 km); not source-stated"
HB-OSM-N10904661341,the doors restaurant,eatery,Jaipur,Rajasthan,MI Road,,,,,26.91579,75.81012,OSM_MAPPED,"WR86+73P Khandaka Mansion, Mirza Ismail Rd, near Rajmandir Cinema, Panch Batti, C Scheme, Ashok Nagar, Jaipur, Rajasthan 302001",small_eatery,,,,,,,,,,,,,,https://www.openstreetmap.org/node/10904661341,OPENSTREETMAP,OpenStreetMap contributors (ODbL),,,CANDIDATE,LEVEL_1_SOURCE_VERIFIED,2026-08-13,false,false,false,false,false,,,,,INSUFFICIENT_DATA,,,,LOW,"OSM tags: {""addr:housenumber"": ""WR86+73P Khandaka Mansion, Mirza Ismail Rd, near Rajmandir Cinema, Panch Batti, C Scheme, Ashok Nagar, Jaipur, Rajasthan 302001"", ""amenity"": ""restaurant"", ""name"": ""the doors restaurant""} | area DERIVED from OSM coordinates (nearest locality centroid, ~0.3 km); not source-stated"
HB-OSM-N10904661667,matti indian cafe house,cafe,Jaipur,Rajasthan,Sindhi Camp,,,,,26.9160713,75.8015668,OSM_MAPPED,"9th Floor, International Business Centre, Malviya Marg, C Scheme, Jaipur, Rajasthan 302001",cafe,,,,,,,,,,,,,,https://www.openstreetmap.org/node/10904661667,OPENSTREETMAP,OpenStreetMap contributors (ODbL),,,CANDIDATE,LEVEL_1_SOURCE_VERIFIED,2026-08-13,false,false,false,false,false,,,,,INSUFFICIENT_DATA,,,,LOW,"OSM tags: {""addr:housenumber"": ""9th Floor, International Business Centre, Malviya Marg, C Scheme, Jaipur, Rajasthan 302001"", ""amenity"": ""cafe"", ""name"": ""matti indian cafe house""} | area DERIVED from OSM coordinates (nearest locality centroid, ~0.57 km); not source-stated"
HB-OSM-N10904677030,Unique Bakers,food_stall_or_fast_food,Jaipur,Rajasthan,Jagatpura,,,,,26.8232047,75.867953,OSM_MAPPED,,fast_food_snacks,,,,,,,,,,,,,,https://www.openstreetmap.org/node/10904677030,OPENSTREETMAP,OpenStreetMap contributors (ODbL),,,CANDIDATE,LEVEL_1_SOURCE_VERIFIED,2026-08-13,false,false,false,false,false,,,,,INSUFFICIENT_DATA,,,,LOW,"OSM tags: {""amenity"": ""fast_food"", ""name"": ""Unique Bakers""} | area DERIVED from OSM coordinates (nearest locality centroid, ~2.26 km); not source-stated"
HB-OSM-N10904677031,Arora Bakers,food_stall_or_fast_food,Jaipur,Rajasthan,Jagatpura,,,,,26.8226139,75.8647334,OSM_MAPPED,,fast_food_snacks,,,,,,,,,,,,,,https://www.openstreetmap.org/node/10904677031,OPENSTREETMAP,OpenStreetMap contributors (ODbL),,,CANDIDATE,LEVEL_1_SOURCE_VERIFIED,2026-08-13,false,false,false,false,false,,,,,INSUFFICIENT_DATA,,,,LOW,"OSM tags: {""amenity"": ""fast_food"", ""name"": ""Arora Bakers""} | area DERIVED from OSM coordinates (nearest locality centroid, ~2.02 km); not source-stated"
HB-OSM-N10904677035,Dream Cafe,food_stall_or_fast_food,Jaipur,Rajasthan,Jagatpura,,,Ram Nagariya Road,,26.8277721,75.8477985,OSM_MAPPED,"Ram Nagariya Road, jaipur",fast_food_snacks,,regional;burger;coffee_shop;pizza;sandwich;indian,,,,,,,,,,,,https://www.openstreetmap.org/node/10904677035,OPENSTREETMAP,OpenStreetMap contributors (ODbL),,,CANDIDATE,LEVEL_1_SOURCE_VERIFIED,2026-08-13,false,false,false,false,false,,,,,INSUFFICIENT_DATA,,,,LOW,"OSM tags: {""addr:city"": ""jaipur"", ""addr:street"": ""Ram Nagariya Road"", ""amenity"": ""fast_food"", ""cuisine"": ""regional;burger;coffee_shop;pizza;sandwich;indian"", ""diet:vegetarian"": ""yes"", ""name"": ""Dream Cafe""} | area DERIVED from OSM coordinates (nearest locality centroid, ~0.58 km); not source-stated"
HB-OSM-N10904677037,Punjab Rasoi Restaurant,eatery,Jaipur,Rajasthan,Jagatpura,,,,,26.8265338,75.8492276,OSM_MAPPED,,small_eatery,,indian;punjabi,,,,,,,,,,,,https://www.openstreetmap.org/node/10904677037,OPENSTREETMAP,OpenStreetMap contributors (ODbL),,,CANDIDATE,LEVEL_1_SOURCE_VERIFIED,2026-08-13,false,false,false,false,false,,,,,INSUFFICIENT_DATA,,,,LOW,"OSM tags: {""amenity"": ""restaurant"", ""cuisine"": ""indian;punjabi"", ""diet:vegetarian"": ""yes"", ""name"": ""Punjab Rasoi Restaurant""} | area DERIVED from OSM coordinates (nearest locality centroid, ~0.73 km); not source-stated"
HB-OSM-N10904677048,Chai Aashram,cafe,Jaipur,Rajasthan,Jagatpura,,,"C-96A, Road No 7, CBI Fatak Road, Chandragupta Nagar, Jagatpura, Jaipur, Rajasthan 302017",,26.8302623,75.8495723,OSM_MAPPED,"C-96A, Road No 7, CBI Fatak Road, Chandragupta Nagar, Jagatpura, Jaipur, Rajasthan 302017",cafe,,coffee_shop,,,,,,,,,,,,https://www.openstreetmap.org/node/10904677048,OPENSTREETMAP,OpenStreetMap contributors (ODbL),,,CANDIDATE,LEVEL_1_SOURCE_VERIFIED,2026-08-13,false,false,false,false,false,,,,,INSUFFICIENT_DATA,,,,LOW,"OSM tags: {""addr:street"": ""C-96A, Road No 7, CBI Fatak Road, Chandragupta Nagar, Jagatpura, Jaipur, Rajasthan 302017"", ""amenity"": ""cafe"", ""cuisine"": ""coffee_shop"", ""name"": ""Chai Aashram""} | area DERIVED from OSM coordinates (nearest locality centroid, ~0.34 km); not source-stated"
HB-OSM-N10904687645,Arpita Bakers,shop_bakery,Jaipur,Rajasthan,Jagatpura,,,"Opp, Mangleshwar Mahadev Mandir Ram Nagaria Road Vidhyadhar Nagar Railway Colony Jagatpura Caypur RJ 302017 IN, Ram Nagariya Rd, Jaipur, Rajasthan",,26.8280346,75.84754,OSM_MAPPED,"Opp, Mangleshwar Mahadev Mandir Ram Nagaria Road Vidhyadhar Nagar Railway Colony Jagatpura Caypur RJ 302017 IN, Ram Nagariya Rd, Jaipur, Rajasthan",bakery,,,,,,,,,,,,,,https://www.openstreetmap.org/node/10904687645,OPENSTREETMAP,OpenStreetMap contributors (ODbL),,,CANDIDATE,LEVEL_1_SOURCE_VERIFIED,2026-08-13,false,false,false,false,false,,,,,INSUFFICIENT_DATA,,,,LOW,"OSM tags: {""addr:street"": ""Opp, Mangleshwar Mahadev Mandir Ram Nagaria Road Vidhyadhar Nagar Railway Colony Jagatpura Caypur RJ 302017 IN, Ram Nagariya Rd, Jaipur, Rajasthan"", ""name"": ""Arpita Bakers"", ""shop"": ""bakery""} | area DERIVED from OSM coordinates (nearest locality centroid, ~0.55 km); not source-stated"
HB-OSM-N10904687646,Let's Brew Coffee,cafe,Jaipur,Rajasthan,Jagatpura,,,"Purshat Nagar, Jagatpura Near Tata Motors, Khatu Shyam Ji Mandir, Jaipur, Rajasthan 302017",,26.8282916,75.844543,OSM_MAPPED,"Purshat Nagar, Jagatpura Near Tata Motors, Khatu Shyam Ji Mandir, Jaipur, Rajasthan 302017",cafe,,burger;coffee_shop,,,,,,,,,,,,https://www.openstreetmap.org/node/10904687646,OPENSTREETMAP,OpenStreetMap contributors (ODbL),,,CANDIDATE,LEVEL_1_SOURCE_VERIFIED,2026-08-13,false,false,false,false,false,,,,,INSUFFICIENT_DATA,,,,LOW,"OSM tags: {""addr:street"": ""Purshat Nagar, Jagatpura Near Tata Motors, Khatu Shyam Ji Mandir, Jaipur, Rajasthan 302017"", ""amenity"": ""cafe"", ""cuisine"": ""burger;coffee_shop"", ""name"": ""Let's Brew Coffee""} | area DERIVED from OSM coordinates (nearest locality centroid, ~0.63 km); not source-stated"
HB-OSM-N10904687647,Garrison cafe,cafe,Jaipur,Rajasthan,Jagatpura,,,"Purshat Nagar, Jagatpura Near Tata Motors, Khatu Shyam Ji Mandir, Jaipur, Rajasthan 302017",,26.8283365,75.8445068,OSM_MAPPED,"Purshat Nagar, Jagatpura Near Tata Motors, Khatu Shyam Ji Mandir, Jaipur, Rajasthan 302017",cafe,,coffee_shop,,,,,,,,,,,,https://www.openstreetmap.org/node/10904687647,OPENSTREETMAP,OpenStreetMap contributors (ODbL),,,CANDIDATE,LEVEL_1_SOURCE_VERIFIED,2026-08-13,false,false,false,false,false,,,,,INSUFFICIENT_DATA,,,,LOW,"OSM tags: {""addr:street"": ""Purshat Nagar, Jagatpura Near Tata Motors, Khatu Shyam Ji Mandir, Jaipur, Rajasthan 302017"", ""amenity"": ""cafe"", ""cuisine"": ""coffee_shop"", ""name"": ""Garrison cafe""} | area DERIVED from OSM coordinates (nearest locality centroid, ~0.62 km); not source-stated"
HB-OSM-N10904714955,salon,food_stall_or_fast_food,Jaipur,Rajasthan,MI Road,,,,,26.9113372,75.8118529,OSM_MAPPED,,fast_food_snacks,,,,,,,,,,,,,,https://www.openstreetmap.org/node/10904714955,OPENSTREETMAP,OpenStreetMap contributors (ODbL),,,CANDIDATE,LEVEL_1_SOURCE_VERIFIED,2026-08-13,false,false,false,false,false,,,,,INSUFFICIENT_DATA,,,,LOW,"OSM tags: {""amenity"": ""fast_food"", ""name"": ""salon""} | area DERIVED from OSM coordinates (nearest locality centroid, ~0.59 km); not source-stated"
HB-OSM-N10917746182,Roseberry,eatery,Jaipur,Rajasthan,Gopalpura,,,Tonk Road,,26.8685465,75.7969727,OSM_MAPPED,"Plot No. 1-A, 1st Floor, Jawahar Nagar Colony, Tonk Road, Jaipur, 302018",small_eatery,,indian;pizza;italian;chinese;mexican,,,,,,,,+91 78921022278,https://www.theroseberry.in,,,https://www.openstreetmap.org/node/10917746182,OPENSTREETMAP,OpenStreetMap contributors (ODbL),,,CANDIDATE,LEVEL_1_SOURCE_VERIFIED,2026-08-13,false,false,false,false,false,,,,,INSUFFICIENT_DATA,,,,LOW,"OSM tags: {""addr:city"": ""Jaipur"", ""addr:housenumber"": ""Plot No. 1-A, 1st Floor, Jawahar Nagar Colony"", ""addr:postcode"": ""302018"", ""addr:street"": ""Tonk Road"", ""air_conditioning"": ""yes"", ""amenity"": ""restaurant"", ""cuisine"": ""indian;pizza;italian;chinese;mexican"", ""delivery"": ""yes"", ""diet:vegetarian"": ""yes"", ""email"": ""roseberry.dine@gmail.com"", ""name"": ""Roseberry"", ""opening_hours"": ""Mo-Su 12:30 - 23:30"", ""phone"": ""+91 78921022278"", ""website"": ""https://www.theroseberry.in""} | area DERIVED from OSM coordinates (nearest locality centroid, ~1.12 km); not source-stated | OSM opening_hours (unparsed): Mo-Su 12:30 - 23:30"
HB-OSM-N10959797687,KANHA SWEETS AND BAKERY,shop_bakery,Jaipur,Rajasthan,,,,,,26.9541898,75.7028711,OSM_MAPPED,,bakery,,,,,,,,,,,,,,https://www.openstreetmap.org/node/10959797687,OPENSTREETMAP,OpenStreetMap contributors (ODbL),,,CANDIDATE,LEVEL_1_SOURCE_VERIFIED,2026-08-13,false,false,false,false,false,,,,,INSUFFICIENT_DATA,,,,LOW,"OSM tags: {""name"": ""KANHA SWEETS AND BAKERY"", ""shop"": ""bakery""}"
HB-OSM-N10959797692,LUCKY NON VEG RESTRAUNT,eatery,Jaipur,Rajasthan,,,,,,26.9531851,75.7027962,OSM_MAPPED,,small_eatery,,,,,,,,,,,,,,https://www.openstreetmap.org/node/10959797692,OPENSTREETMAP,OpenStreetMap contributors (ODbL),,,CANDIDATE,LEVEL_1_SOURCE_VERIFIED,2026-08-13,false,false,false,false,false,,,,,INSUFFICIENT_DATA,,,,LOW,"OSM tags: {""amenity"": ""restaurant"", ""name"": ""LUCKY NON VEG RESTRAUNT""}"
HB-OSM-N10959797695,RADHEY  BAKERS,shop_bakery,Jaipur,Rajasthan,,,,,,26.9517058,75.7014027,OSM_MAPPED,,bakery,,,,,,,,,,,,,,https://www.openstreetmap.org/node/10959797695,OPENSTREETMAP,OpenStreetMap contributors (ODbL),,,CANDIDATE,LEVEL_1_SOURCE_VERIFIED,2026-08-13,false,false,false,false,false,,,,,INSUFFICIENT_DATA,,,,LOW,"OSM tags: {""name"": ""RADHEY  BAKERS"", ""shop"": ""bakery""}"
HB-OSM-N10960889865,kgn cafe,cafe,Jaipur,Rajasthan,Vidyadhar Nagar,,,,,26.9726124,75.7675594,OSM_MAPPED,,cafe,,,,,,,,,,,,,,https://www.openstreetmap.org/node/10960889865,OPENSTREETMAP,OpenStreetMap contributors (ODbL),,,CANDIDATE,LEVEL_1_SOURCE_VERIFIED,2026-08-13,false,false,false,false,false,,,,,INSUFFICIENT_DATA,,,,LOW,"OSM tags: {""amenity"": ""cafe"", ""name"": ""kgn cafe""} | area DERIVED from OSM coordinates (nearest locality centroid, ~2.07 km); not source-stated"
HB-OSM-N10960889883,Mother Dairy,shop_dairy,Jaipur,Rajasthan,Vidyadhar Nagar,,,,,26.9703762,75.7611297,OSM_MAPPED,,dairy_lassi,,,,,,,,,,,,,,https://www.openstreetmap.org/node/10960889883,OPENSTREETMAP,OpenStreetMap contributors (ODbL),,,CANDIDATE,LEVEL_1_SOURCE_VERIFIED,2026-08-13,false,false,false,false,false,,,,,INSUFFICIENT_DATA,,,,LOW,"OSM tags: {""brand"": ""Mother Dairy"", ""brand:wikidata"": ""Q6917320"", ""name"": ""Mother Dairy"", ""shop"": ""dairy""} | area DERIVED from OSM coordinates (nearest locality centroid, ~2.24 km); not source-stated"
HB-OSM-N10960889891,FAST FOOD CORNER,food_stall_or_fast_food,Jaipur,Rajasthan,Vidyadhar Nagar,,,,,26.968325,75.7629053,OSM_MAPPED,,fast_food_snacks,,,,,,,,,,,,,,https://www.openstreetmap.org/node/10960889891,OPENSTREETMAP,OpenStreetMap contributors (ODbL),,,CANDIDATE,LEVEL_1_SOURCE_VERIFIED,2026-08-13,false,false,false,false,false,,,,,INSUFFICIENT_DATA,,,,LOW,"OSM tags: {""amenity"": ""fast_food"", ""name"": ""FAST FOOD CORNER""} | area DERIVED from OSM coordinates (nearest locality centroid, ~1.96 km); not source-stated"
HB-OSM-N10960889892,CHAT KA CHAURAHA,cafe,Jaipur,Rajasthan,Vidyadhar Nagar,,,,,26.9695114,75.7630294,OSM_MAPPED,,cafe,,,,,,,,,,,,,,https://www.openstreetmap.org/node/10960889892,OPENSTREETMAP,OpenStreetMap contributors (ODbL),,,CANDIDATE,LEVEL_1_SOURCE_VERIFIED,2026-08-13,false,false,false,false,false,,,,,INSUFFICIENT_DATA,,,,LOW,"OSM tags: {""amenity"": ""cafe"", ""name"": ""CHAT KA CHAURAHA""} | area DERIVED from OSM coordinates (nearest locality centroid, ~2.04 km); not source-stated"
HB-OSM-N10960893907,roof top cafe,cafe,Jaipur,Rajasthan,Vidyadhar Nagar,,,,,26.9704518,75.7606957,OSM_MAPPED,,cafe,,,,,,,,,,,,,,https://www.openstreetmap.org/node/10960893907,OPENSTREETMAP,OpenStreetMap contributors (ODbL),,,CANDIDATE,LEVEL_1_SOURCE_VERIFIED,2026-08-13,false,false,false,false,false,,,,,INSUFFICIENT_DATA,,,,LOW,"OSM tags: {""amenity"": ""cafe"", ""name"": ""roof top cafe""} | area DERIVED from OSM coordinates (nearest locality centroid, ~2.28 km); not source-stated"
HB-OSM-N10960893909,glorious restaurent,eatery,Jaipur,Rajasthan,Vidyadhar Nagar,,,,,26.9705699,75.7626812,OSM_MAPPED,,small_eatery,,,,,,,,,,,,,,https://www.openstreetmap.org/node/10960893909,OPENSTREETMAP,OpenStreetMap contributors (ODbL),,,CANDIDATE,LEVEL_1_SOURCE_VERIFIED,2026-08-13,false,false,false,false,false,,,,,INSUFFICIENT_DATA,,,,LOW,"OSM tags: {""amenity"": ""restaurant"", ""name"": ""glorious restaurent""} | area DERIVED from OSM coordinates (nearest locality centroid, ~2.15 km); not source-stated"
HB-OSM-N11082457256,Jaipur Chaupati,eatery,Jaipur,Rajasthan,Durgapura,,,,,26.8406321,75.7739393,OSM_MAPPED,,small_eatery,,,,,,,,,,,,,,https://www.openstreetmap.org/node/11082457256,OPENSTREETMAP,OpenStreetMap contributors (ODbL),,,CANDIDATE,LEVEL_1_SOURCE_VERIFIED,2026-08-13,false,false,false,false,false,,,,,INSUFFICIENT_DATA,,,,LOW,"OSM tags: {""amenity"": ""restaurant"", ""name"": ""Jaipur Chaupati""} | area DERIVED from OSM coordinates (nearest locality centroid, ~1.6 km); not source-stated"
HB-OSM-N11162418128,Half Light Coffee Roasters,cafe,Jaipur,Rajasthan,C-Scheme,,,Azad Marg,,26.9073957,75.7954528,OSM_MAPPED,"F-31, Azad Marg, Jaipur, 302001",cafe,,coffee_shop;sandwich;american;cake,,,,,08:00,22:00,,+919602602849,https://halflightcoffee.com/,,,https://www.openstreetmap.org/node/11162418128,OPENSTREETMAP,OpenStreetMap contributors (ODbL),,,CANDIDATE,LEVEL_1_SOURCE_VERIFIED,2026-08-13,false,false,false,false,false,,,,,INSUFFICIENT_DATA,,,,LOW,"OSM tags: {""addr:city"": ""Jaipur"", ""addr:district"": ""Jaipur"", ""addr:housenumber"": ""F-31"", ""addr:postcode"": ""302001"", ""addr:street"": ""Azad Marg"", ""air_conditioning"": ""yes"", ""amenity"": ""cafe"", ""cuisine"": ""coffee_shop;sandwich;american;cake"", ""description"": ""Freshly roasted Indian Specialty Coffee Shop and Roastery. Experience Farm to Cup."", ""email"": ""info@halflightcoffee.com"", ""highchair"": ""yes"", ""internet_access"": ""wlan"", ""internet_access:fee"": ""customers"", ""name"": ""Half Light Coffee Roasters"", ""opening_hours"": ""08:00-22:00"", ""outdoor_seating"": ""yes"", ""phone"": ""+919602602849"", ""takeaway"": ""yes"", ""website"": ""https://halflightcoffee.com/"", ""website:menu"": ""https://fudr.in/welcome/1162000""} | area DERIVED from OSM coordinates (nearest locality centroid, ~0.57 km); not source-stated"
HB-OSM-N11185475306,Daisy and Jade Jaipur,cafe,Jaipur,Rajasthan,,,,Lalarpura Road Maa Hinglaj Nagar,,26.9022301,75.7125581,OSM_MAPPED,"B 137, Lalarpura Road Maa Hinglaj Nagar, Jaipur, 302021",cafe,,coffee_shop;pizza;cake;pancake;tea;mocktails;plants;bakery,,,,,12:00,23:00,,‎+91 92162 99342,,,,https://www.openstreetmap.org/node/11185475306,OPENSTREETMAP,OpenStreetMap contributors (ODbL),,,CANDIDATE,LEVEL_1_SOURCE_VERIFIED,2026-08-13,false,false,false,false,false,,,,,INSUFFICIENT_DATA,,,,LOW,"OSM tags: {""addr:city"": ""Jaipur"", ""addr:district"": ""Jaipur"", ""addr:housenumber"": ""B 137"", ""addr:postcode"": ""302021"", ""addr:street"": ""Lalarpura Road Maa Hinglaj Nagar"", ""air_conditioning"": ""yes"", ""amenity"": ""cafe"", ""cuisine"": ""coffee_shop;pizza;cake;pancake;tea;mocktails;plants;bakery"", ""delivery"": ""yes"", ""drive_through"": ""yes"", ""internet_access"": ""yes"", ""internet_access:fee"": ""yes"", ""name"": ""Daisy and Jade Jaipur"", ""opening_hours"": ""Mo-Su 12:00-23:00"", ""outdoor_seating"": ""yes"", ""payment:cards"": ""yes"", ""payment:cash"": ""yes"", ""payment:mobile_phone"": ""yes"", ""payment:upi"": ""yes"", ""phone"": ""‎+91 92162 99342"", ""smoking"": ""outside""}"
HB-OSM-N11425726510,BTS Burger To Shakei,cafe,Jaipur,Rajasthan,Mansarovar,,,Madhyam Marg,,26.8416823,75.770054,OSM_MAPPED,"Plot No.124/497,, Madhyam Marg, Jaipur, 302020",cafe,,burger;fries,,,,,,,,+91-7880778806,https://www.zomato.com/jaipur/bts-burger-to-shakei-1-mansarovar/order,,,https://www.openstreetmap.org/node/11425726510,OPENSTREETMAP,OpenStreetMap contributors (ODbL),,,CANDIDATE,LEVEL_1_SOURCE_VERIFIED,2026-08-13,false,false,false,false,false,,,,,INSUFFICIENT_DATA,,,,LOW,"OSM tags: {""addr:city"": ""Jaipur"", ""addr:district"": ""Jaipur"", ""addr:housenumber"": ""Plot No.124/497,"", ""addr:postcode"": ""302020"", ""addr:street"": ""Madhyam Marg"", ""amenity"": ""cafe"", ""cuisine"": ""burger;fries"", ""internet_access"": ""yes"", ""internet_access:fee"": ""no"", ""name"": ""BTS Burger To Shakei"", ""opening_hours"": ""Tu-Su 10:00-23:50"", ""phone"": ""+91-7880778806"", ""website"": ""https://www.zomato.com/jaipur/bts-burger-to-shakei-1-mansarovar/order""} | area DERIVED from OSM coordinates (nearest locality centroid, ~1.34 km); not source-stated | OSM opening_hours (unparsed): Tu-Su 10:00-23:50"
HB-OSM-N11496566023,The Curry Spoon,eatery,Jaipur,Rajasthan,Ramganj,,,Amer Road,,26.9361784,75.8348424,OSM_MAPPED,"1782, Amer Road, jaipur, 302002",small_eatery,,indian,,,,,,,,+91 8094329710,,,,https://www.openstreetmap.org/node/11496566023,OPENSTREETMAP,OpenStreetMap contributors (ODbL),,,CANDIDATE,LEVEL_1_SOURCE_VERIFIED,2026-08-13,false,false,false,false,false,,,,,INSUFFICIENT_DATA,,,,LOW,"OSM tags: {""addr:city"": ""jaipur"", ""addr:housenumber"": ""1782"", ""addr:postcode"": ""302002"", ""addr:street"": ""Amer Road"", ""air_conditioning"": ""yes"", ""amenity"": ""restaurant"", ""check_date"": ""2024-01-07"", ""contact:email"": ""thecurryspoon@gmail.com"", ""contact:phone"": ""+91 8094329710"", ""cuisine"": ""indian"", ""diet:vegan"": ""yes"", ""diet:vegetarian"": ""yes"", ""internet_access"": ""wlan"", ""internet_access:fee"": ""customers"", ""name"": ""The Curry Spoon"", ""operator"": ""Shabbir Khan"", ""outdoor_seating"": ""no"", ""reservation"": ""yes"", ""toilets"": ""yes"", ""toilets:access"": ""customers""} | area DERIVED from OSM coordinates (nearest locality centroid, ~1.47 km); not source-stated"
HB-OSM-N11497259569,Govindam Sweets & Bakery,shop_pastry,Jaipur,Rajasthan,Tripolia Bazaar,,,,,26.9286259,75.8255219,OSM_MAPPED,,sweets,,,,,,,,,,,,,,https://www.openstreetmap.org/node/11497259569,OPENSTREETMAP,OpenStreetMap contributors (ODbL),,,CANDIDATE,LEVEL_1_SOURCE_VERIFIED,2026-08-13,false,false,false,false,false,,,,,INSUFFICIENT_DATA,,,,LOW,"OSM tags: {""check_date"": ""2024-01-07"", ""name"": ""Govindam Sweets & Bakery"", ""shop"": ""pastry""} | area DERIVED from OSM coordinates (nearest locality centroid, ~0.52 km); not source-stated"
HB-OSM-N11556672755,Niros,eatery,Jaipur,Rajasthan,MI Road,,,,,26.9162948,75.811478,OSM_MAPPED,,small_eatery,,,,,,,,,,,,,,https://www.openstreetmap.org/node/11556672755,OPENSTREETMAP,OpenStreetMap contributors (ODbL),,,CANDIDATE,LEVEL_1_SOURCE_VERIFIED,2026-08-13,false,false,false,false,false,,,,,INSUFFICIENT_DATA,,,,LOW,"OSM tags: {""amenity"": ""restaurant"", ""name"": ""Niros"", ""url"": ""https://nirosindia.com/""} | area DERIVED from OSM coordinates (nearest locality centroid, ~0.15 km); not source-stated"
HB-OSM-N11609578469,Кафе,cafe,Jaipur,Rajasthan,Kishanpole Bazaar,,,,,26.9175489,75.8169087,OSM_MAPPED,,cafe,,asian,,,,,09:00,22:00,,,,,,https://www.openstreetmap.org/node/11609578469,OPENSTREETMAP,OpenStreetMap contributors (ODbL),,,CANDIDATE,LEVEL_1_SOURCE_VERIFIED,2026-08-13,false,false,false,false,false,,,,,INSUFFICIENT_DATA,,,,LOW,"OSM tags: {""amenity"": ""cafe"", ""cuisine"": ""asian"", ""name"": ""Кафе"", ""name:en"": ""Dev Hotel"", ""opening_hours"": ""Mo-Su 09:00-22:00""} | area DERIVED from OSM coordinates (nearest locality centroid, ~0.2 km); not source-stated"
HB-OSM-N11690525027,Krishna Paradise,eatery,Jaipur,Rajasthan,,,,,,26.9587845,75.7041211,OSM_MAPPED,,small_eatery,,,,,,,,,,,,,,https://www.openstreetmap.org/node/11690525027,OPENSTREETMAP,OpenStreetMap contributors (ODbL),,,CANDIDATE,LEVEL_1_SOURCE_VERIFIED,2026-08-13,false,false,false,false,false,,,,,INSUFFICIENT_DATA,,,,LOW,"OSM tags: {""amenity"": ""restaurant"", ""name"": ""Krishna Paradise""}"
HB-OSM-N11691570492,Rangoli Bakery,shop_bakery,Jaipur,Rajasthan,Gopalpura,,,,,26.8843583,75.7844685,OSM_MAPPED,,bakery,,,,,,,08:00,22:00,,,,,,https://www.openstreetmap.org/node/11691570492,OPENSTREETMAP,OpenStreetMap contributors (ODbL),,,CANDIDATE,LEVEL_1_SOURCE_VERIFIED,2026-08-13,false,false,false,false,false,,,,,INSUFFICIENT_DATA,,,,LOW,"OSM tags: {""name"": ""Rangoli Bakery"", ""opening_hours"": ""Mo-Su 08:00-22:00"", ""shop"": ""bakery""} | area DERIVED from OSM coordinates (nearest locality centroid, ~1.49 km); not source-stated"
HB-OSM-N11693090731,tattoo cafe,cafe,Jaipur,Rajasthan,Johari Bazaar,,,,,26.922633,75.827839,OSM_MAPPED,,cafe,,,,,,,,,,,,,,https://www.openstreetmap.org/node/11693090731,OPENSTREETMAP,OpenStreetMap contributors (ODbL),,,CANDIDATE,LEVEL_1_SOURCE_VERIFIED,2026-08-13,false,false,false,false,false,,,,,INSUFFICIENT_DATA,,,,LOW,"OSM tags: {""amenity"": ""cafe"", ""name"": ""tattoo cafe""} | area DERIVED from OSM coordinates (nearest locality centroid, ~0.41 km); not source-stated"
HB-OSM-N11693091362,vind view cafe,cafe,Jaipur,Rajasthan,Johari Bazaar,,,,,26.92264,75.827818,OSM_MAPPED,,cafe,,,,,,,,,,,,,,https://www.openstreetmap.org/node/11693091362,OPENSTREETMAP,OpenStreetMap contributors (ODbL),,,CANDIDATE,LEVEL_1_SOURCE_VERIFIED,2026-08-13,false,false,false,false,false,,,,,INSUFFICIENT_DATA,,,,LOW,"OSM tags: {""amenity"": ""cafe"", ""name"": ""vind view cafe""} | area DERIVED from OSM coordinates (nearest locality centroid, ~0.41 km); not source-stated"
HB-OSM-N11697024064,Kanha Restraunt,eatery,Jaipur,Rajasthan,,,,,,26.9527025,75.7000583,OSM_MAPPED,,small_eatery,,,,,,,,,,,,,,https://www.openstreetmap.org/node/11697024064,OPENSTREETMAP,OpenStreetMap contributors (ODbL),,,CANDIDATE,LEVEL_1_SOURCE_VERIFIED,2026-08-13,false,false,false,false,false,,,,,INSUFFICIENT_DATA,,,,LOW,"OSM tags: {""amenity"": ""restaurant"", ""name"": ""Kanha Restraunt""}"
HB-OSM-N11697030632,TEA TIME CAFE,cafe,Jaipur,Rajasthan,,,,,,26.9561705,75.7090258,OSM_MAPPED,,cafe,,,,,,,,,,,,,,https://www.openstreetmap.org/node/11697030632,OPENSTREETMAP,OpenStreetMap contributors (ODbL),,,CANDIDATE,LEVEL_1_SOURCE_VERIFIED,2026-08-13,false,false,false,false,false,,,,,INSUFFICIENT_DATA,,,,LOW,"OSM tags: {""amenity"": ""cafe"", ""name"": ""TEA TIME CAFE""}"
HB-OSM-N11697053362,Baker's Heart,shop_bakery,Jaipur,Rajasthan,,,,,,26.9536647,75.7026994,OSM_MAPPED,,bakery,,,,,,,,,,,,,,https://www.openstreetmap.org/node/11697053362,OPENSTREETMAP,OpenStreetMap contributors (ODbL),,,CANDIDATE,LEVEL_1_SOURCE_VERIFIED,2026-08-13,false,false,false,false,false,,,,,INSUFFICIENT_DATA,,,,LOW,"OSM tags: {""name"": ""Baker's Heart"", ""shop"": ""bakery""}"
HB-OSM-N11697053363,Rajdhani Cafe,cafe,Jaipur,Rajasthan,,,,,,26.9549117,75.7031055,OSM_MAPPED,,cafe,,,,,,,,,,,,,,https://www.openstreetmap.org/node/11697053363,OPENSTREETMAP,OpenStreetMap contributors (ODbL),,,CANDIDATE,LEVEL_1_SOURCE_VERIFIED,2026-08-13,false,false,false,false,false,,,,,INSUFFICIENT_DATA,,,,LOW,"OSM tags: {""amenity"": ""cafe"", ""name"": ""Rajdhani Cafe""}"
HB-OSM-N11697066653,Kanha Bakers,shop_bakery,Jaipur,Rajasthan,,,,,,26.9523695,75.7001031,OSM_MAPPED,,bakery,,,,,,,,,,,,,,https://www.openstreetmap.org/node/11697066653,OPENSTREETMAP,OpenStreetMap contributors (ODbL),,,CANDIDATE,LEVEL_1_SOURCE_VERIFIED,2026-08-13,false,false,false,false,false,,,,,INSUFFICIENT_DATA,,,,LOW,"OSM tags: {""name"": ""Kanha Bakers"", ""shop"": ""bakery""}"
HB-OSM-N11697111040,Bell Pepper Pizza,food_stall_or_fast_food,Jaipur,Rajasthan,,,,,,26.9476578,75.7240065,OSM_MAPPED,,fast_food_snacks,,pizza,,,,,,,,,,,,https://www.openstreetmap.org/node/11697111040,OPENSTREETMAP,OpenStreetMap contributors (ODbL),,,CANDIDATE,LEVEL_1_SOURCE_VERIFIED,2026-08-13,false,false,false,false,false,,,,,INSUFFICIENT_DATA,,,,LOW,"OSM tags: {""amenity"": ""fast_food"", ""cuisine"": ""pizza"", ""name"": ""Bell Pepper Pizza""}"
HB-OSM-N11697474057,Somra juice and icecream corner,food_stall_or_fast_food,Jaipur,Rajasthan,,,,,,26.952,75.7019616,OSM_MAPPED,,fast_food_snacks,,juice,,,,,,,,,,,,https://www.openstreetmap.org/node/11697474057,OPENSTREETMAP,OpenStreetMap contributors (ODbL),,,CANDIDATE,LEVEL_1_SOURCE_VERIFIED,2026-08-13,false,false,false,false,false,,,,,INSUFFICIENT_DATA,,,,LOW,"OSM tags: {""amenity"": ""fast_food"", ""cuisine"": ""juice"", ""name"": ""Somra juice and icecream corner""}"
HB-OSM-N11722176171,Sharma Kachori Wallaz,food_court,Jaipur,Rajasthan,Chandpole,,,,,26.9266401,75.8088945,OSM_MAPPED,,food_court,,Rajasthani,,,,,,,,,,,,https://www.openstreetmap.org/node/11722176171,OPENSTREETMAP,OpenStreetMap contributors (ODbL),,,CANDIDATE,LEVEL_1_SOURCE_VERIFIED,2026-08-13,false,false,false,false,false,,,,,INSUFFICIENT_DATA,,,,LOW,"OSM tags: {""amenity"": ""food_court"", ""cuisine"": ""Rajasthani"", ""diet:vegetarian"": ""only"", ""level"": ""0"", ""name"": ""Sharma Kachori Wallaz"", ""wheelchair"": ""no""} | area DERIVED from OSM coordinates (nearest locality centroid, ~0.54 km); not source-stated"
HB-OSM-N11724571841,Karodiya Kachori Bhandar,food_stall_or_fast_food,Jaipur,Rajasthan,Johari Bazaar,,,Haldion Ka Rasta,,26.92088,75.8271023,OSM_MAPPED,"Haldion Ka Rasta, Jaipur",fast_food_snacks,,indian,,,,,,,,,,,,https://www.openstreetmap.org/node/11724571841,OPENSTREETMAP,OpenStreetMap contributors (ODbL),,,CANDIDATE,LEVEL_1_SOURCE_VERIFIED,2026-08-13,false,false,false,false,false,,,,,INSUFFICIENT_DATA,,,,LOW,"OSM tags: {""addr:city"": ""Jaipur"", ""addr:street"": ""Haldion Ka Rasta"", ""amenity"": ""fast_food"", ""cuisine"": ""indian"", ""diet:vegetarian"": ""yes"", ""level"": ""0"", ""name"": ""Karodiya Kachori Bhandar"", ""name:hi"": ""करोड़िया कचौड़ी भंडार"", ""outdoor_seating"": ""yes"", ""wheelchair"": ""yes""} | area DERIVED from OSM coordinates (nearest locality centroid, ~0.21 km); not source-stated"
HB-OSM-N11725249803,Roop Basant Pavitra Bhojanalaya,eatery,Jaipur,Rajasthan,Sindhi Camp,,,,,26.92059,75.7888677,OSM_MAPPED,,small_eatery,,,,,,,,,,,,,,https://www.openstreetmap.org/node/11725249803,OPENSTREETMAP,OpenStreetMap contributors (ODbL),,,CANDIDATE,LEVEL_1_SOURCE_VERIFIED,2026-08-13,false,false,false,false,false,,,,,INSUFFICIENT_DATA,,,,LOW,"OSM tags: {""amenity"": ""restaurant"", ""diet:vegetarian"": ""only"", ""level"": ""0"", ""name"": ""Roop Basant Pavitra Bhojanalaya"", ""opening_hours"": ""24/7"", ""takeaway"": ""yes"", ""toilets:access"": ""customers"", ""wheelchair"": ""no""} | area DERIVED from OSM coordinates (nearest locality centroid, ~1.1 km); not source-stated | OSM opening_hours (unparsed): 24/7"
HB-OSM-N11725249804,Khandelwal,eatery,Jaipur,Rajasthan,Sindhi Camp,,,,,26.9205952,75.7888436,OSM_MAPPED,,small_eatery,,,,,,,,,,,,,,https://www.openstreetmap.org/node/11725249804,OPENSTREETMAP,OpenStreetMap contributors (ODbL),,,CANDIDATE,LEVEL_1_SOURCE_VERIFIED,2026-08-13,false,false,false,false,false,,,,,INSUFFICIENT_DATA,,,,LOW,"OSM tags: {""amenity"": ""restaurant"", ""diet:vegetarian"": ""only"", ""level"": ""0"", ""name"": ""Khandelwal"", ""wheelchair"": ""no""} | area DERIVED from OSM coordinates (nearest locality centroid, ~1.11 km); not source-stated"
HB-OSM-N11760727012,Laxmi,cafe,Jaipur,Rajasthan,Sodala,,,Ajmer Road,,26.9021987,75.7726597,OSM_MAPPED,"Ajmer Road, Jaipur",cafe,,indian,,,,,,,,,,,,https://www.openstreetmap.org/node/11760727012,OPENSTREETMAP,OpenStreetMap contributors (ODbL),,,CANDIDATE,LEVEL_1_SOURCE_VERIFIED,2026-08-13,false,false,false,false,false,,,,,INSUFFICIENT_DATA,,,,LOW,"OSM tags: {""addr:city"": ""Jaipur"", ""addr:street"": ""Ajmer Road"", ""amenity"": ""cafe"", ""cuisine"": ""indian"", ""name"": ""Laxmi""} | area DERIVED from OSM coordinates (nearest locality centroid, ~0.21 km); not source-stated"
HB-OSM-N11763678169,NOTHING BEFORE COFFEE,cafe,Jaipur,Rajasthan,Tripolia Bazaar,,,Tripolia Bazaar,,26.9238475,75.824011,OSM_MAPPED,"125, Tripolia Bazaar",cafe,,cake;coffee_shop,,,,,,,,,,,,https://www.openstreetmap.org/node/11763678169,OPENSTREETMAP,OpenStreetMap contributors (ODbL),,,CANDIDATE,LEVEL_1_SOURCE_VERIFIED,2026-08-13,false,false,false,false,false,,,,,INSUFFICIENT_DATA,,,,LOW,"OSM tags: {""addr:housenumber"": ""125"", ""addr:street"": ""Tripolia Bazaar"", ""amenity"": ""cafe"", ""cuisine"": ""cake;coffee_shop"", ""internet_access"": ""wlan"", ""name"": ""NOTHING BEFORE COFFEE""} | area DERIVED from OSM coordinates (nearest locality centroid, ~0.12 km); not source-stated"
HB-OSM-N11764154269,Annpoornam,eatery,Jaipur,Rajasthan,Sindhi Camp,,,,,26.9148703,75.8047591,OSM_MAPPED,,small_eatery,,indian,,,,,,,,,,,,https://www.openstreetmap.org/node/11764154269,OPENSTREETMAP,OpenStreetMap contributors (ODbL),,,CANDIDATE,LEVEL_1_SOURCE_VERIFIED,2026-08-13,false,false,false,false,false,,,,,INSUFFICIENT_DATA,,,,LOW,"OSM tags: {""amenity"": ""restaurant"", ""cuisine"": ""indian"", ""name"": ""Annpoornam""} | area DERIVED from OSM coordinates (nearest locality centroid, ~0.83 km); not source-stated"
HB-OSM-N11965989513,Jodhpur Misthan Bhandar,shop_confectionery,Jaipur,Rajasthan,,,,,,26.9092688,75.6941393,OSM_MAPPED,,sweets,,,,,,,,,,,,,,https://www.openstreetmap.org/node/11965989513,OPENSTREETMAP,OpenStreetMap contributors (ODbL),,,CANDIDATE,LEVEL_1_SOURCE_VERIFIED,2026-08-13,false,false,false,false,false,,,,,INSUFFICIENT_DATA,,,,LOW,"OSM tags: {""name"": ""Jodhpur Misthan Bhandar"", ""shop"": ""confectionery""}"
HB-OSM-N12117596629,Shree Laxmi Jodhpur Sweets,eatery,Jaipur,Rajasthan,Jhotwara,,,,,26.95653,75.7412095,OSM_MAPPED,"Jaipur, 302012",small_eatery,,,,,,,,,,,,,,https://www.openstreetmap.org/node/12117596629,OPENSTREETMAP,OpenStreetMap contributors (ODbL),,,CANDIDATE,LEVEL_1_SOURCE_VERIFIED,2026-08-13,false,false,false,false,false,,,,,INSUFFICIENT_DATA,,,,LOW,"OSM tags: {""addr:city"": ""Jaipur"", ""addr:place"": ""Laxmi Nagar, Jhotwara"", ""addr:postcode"": ""302012"", ""addr:state"": ""RJ"", ""amenity"": ""restaurant"", ""name"": ""Shree Laxmi Jodhpur Sweets""} | area DERIVED from OSM coordinates (nearest locality centroid, ~1.64 km); not source-stated"
HB-OSM-N12151385705,Ganesh Resturent,eatery,Jaipur,Rajasthan,Pratap Nagar,,,,,26.784195,75.8235447,OSM_MAPPED,,small_eatery,,indian,,,,,,,,+91 9509848714,,,,https://www.openstreetmap.org/node/12151385705,OPENSTREETMAP,OpenStreetMap contributors (ODbL),,,CANDIDATE,LEVEL_1_SOURCE_VERIFIED,2026-08-13,false,false,false,false,false,,,,,INSUFFICIENT_DATA,,,,LOW,"OSM tags: {""amenity"": ""restaurant"", ""cuisine"": ""indian"", ""delivery"": ""no"", ""diet:vegan"": ""yes"", ""diet:vegetarian"": ""yes"", ""mobile"": ""+91 8824562810"", ""name"": ""Ganesh Resturent"", ""phone"": ""+91 9509848714""} | area DERIVED from OSM coordinates (nearest locality centroid, ~2.4 km); not source-stated"
HB-OSM-N12358211503,Shree Sanwariya Sarkar,eatery,Jaipur,Rajasthan,Sindhi Camp,,,,,26.9247973,75.7899824,OSM_MAPPED,,small_eatery,,,,,,,,,,,,,,https://www.openstreetmap.org/node/12358211503,OPENSTREETMAP,OpenStreetMap contributors (ODbL),,,CANDIDATE,LEVEL_1_SOURCE_VERIFIED,2026-08-13,false,false,false,false,false,,,,,INSUFFICIENT_DATA,,,,LOW,"OSM tags: {""amenity"": ""restaurant"", ""name"": ""Shree Sanwariya Sarkar""} | area DERIVED from OSM coordinates (nearest locality centroid, ~1.08 km); not source-stated"
HB-OSM-N12358211703,Shri Shyam Pavitra Bhojnalaya,eatery,Jaipur,Rajasthan,Sindhi Camp,,,,,26.924693,75.7906604,OSM_MAPPED,,small_eatery,,,,,,,,,,,,,,https://www.openstreetmap.org/node/12358211703,OPENSTREETMAP,OpenStreetMap contributors (ODbL),,,CANDIDATE,LEVEL_1_SOURCE_VERIFIED,2026-08-13,false,false,false,false,false,,,,,INSUFFICIENT_DATA,,,,LOW,"OSM tags: {""amenity"": ""restaurant"", ""name"": ""Shri Shyam Pavitra Bhojnalaya""} | area DERIVED from OSM coordinates (nearest locality centroid, ~1.01 km); not source-stated"
HB-OSM-N12358211801,street food,food_stall_or_fast_food,Jaipur,Rajasthan,Sindhi Camp,,,,,26.9244746,75.7891214,OSM_MAPPED,,fast_food_snacks,,,,,,,,,,,,,,https://www.openstreetmap.org/node/12358211801,OPENSTREETMAP,OpenStreetMap contributors (ODbL),,,CANDIDATE,LEVEL_1_SOURCE_VERIFIED,2026-08-13,false,false,false,false,false,,,,,INSUFFICIENT_DATA,,,,LOW,"OSM tags: {""amenity"": ""fast_food"", ""name"": ""street food""} | area DERIVED from OSM coordinates (nearest locality centroid, ~1.15 km); not source-stated"
HB-OSM-N12358212002,Anjani,eatery,Jaipur,Rajasthan,Sindhi Camp,,,,,26.9244798,75.7905539,OSM_MAPPED,,small_eatery,,,,,,,,,,,,,,https://www.openstreetmap.org/node/12358212002,OPENSTREETMAP,OpenStreetMap contributors (ODbL),,,CANDIDATE,LEVEL_1_SOURCE_VERIFIED,2026-08-13,false,false,false,false,false,,,,,INSUFFICIENT_DATA,,,,LOW,"OSM tags: {""amenity"": ""restaurant"", ""name"": ""Anjani""} | area DERIVED from OSM coordinates (nearest locality centroid, ~1.01 km); not source-stated"
HB-OSM-N12358212201,The Mama Bhanja's,food_stall_or_fast_food,Jaipur,Rajasthan,Sindhi Camp,,,,,26.9254591,75.7912713,OSM_MAPPED,,fast_food_snacks,,,,,,,,,,,,,,https://www.openstreetmap.org/node/12358212201,OPENSTREETMAP,OpenStreetMap contributors (ODbL),,,CANDIDATE,LEVEL_1_SOURCE_VERIFIED,2026-08-13,false,false,false,false,false,,,,,INSUFFICIENT_DATA,,,,LOW,"OSM tags: {""amenity"": ""fast_food"", ""name"": ""The Mama Bhanja's""} | area DERIVED from OSM coordinates (nearest locality centroid, ~1.0 km); not source-stated"
HB-OSM-N12361795404,chai,cafe,Jaipur,Rajasthan,Tripolia Bazaar,,,,,26.9241837,75.8203002,OSM_MAPPED,,cafe,,,,,,,,,,,,,,https://www.openstreetmap.org/node/12361795404,OPENSTREETMAP,OpenStreetMap contributors (ODbL),,,CANDIDATE,LEVEL_1_SOURCE_VERIFIED,2026-08-13,false,false,false,false,false,,,,,INSUFFICIENT_DATA,,,,LOW,"OSM tags: {""amenity"": ""cafe"", ""name"": ""chai""} | area DERIVED from OSM coordinates (nearest locality centroid, ~0.27 km); not source-stated"
HB-OSM-N12361795407,Kebabs and Curries Company Family Restaurant,eatery,Jaipur,Rajasthan,Tripolia Bazaar,,,,,26.928008,75.8283941,OSM_MAPPED,,small_eatery,,,,,,,,,,,,,,https://www.openstreetmap.org/node/12361795407,OPENSTREETMAP,OpenStreetMap contributors (ODbL),,,CANDIDATE,LEVEL_1_SOURCE_VERIFIED,2026-08-13,false,false,false,false,false,,,,,INSUFFICIENT_DATA,,,,LOW,"OSM tags: {""amenity"": ""restaurant"", ""name"": ""Kebabs and Curries Company Family Restaurant""} | area DERIVED from OSM coordinates (nearest locality centroid, ~0.66 km); not source-stated"
HB-OSM-N12361795408,Samosa,food_stall_or_fast_food,Jaipur,Rajasthan,Tripolia Bazaar,,,,,26.9277497,75.8280203,OSM_MAPPED,,fast_food_snacks,,,,,,,,,,,,,,https://www.openstreetmap.org/node/12361795408,OPENSTREETMAP,OpenStreetMap contributors (ODbL),,,CANDIDATE,LEVEL_1_SOURCE_VERIFIED,2026-08-13,false,false,false,false,false,,,,,INSUFFICIENT_DATA,,,,LOW,"OSM tags: {""amenity"": ""fast_food"", ""name"": ""Samosa""} | area DERIVED from OSM coordinates (nearest locality centroid, ~0.62 km); not source-stated"
HB-OSM-N12361795410,Biryani,food_stall_or_fast_food,Jaipur,Rajasthan,Sindhi Camp,,,,,26.9197437,75.7897154,OSM_MAPPED,,fast_food_snacks,,,,,,,,,,,,,,https://www.openstreetmap.org/node/12361795410,OPENSTREETMAP,OpenStreetMap contributors (ODbL),,,CANDIDATE,LEVEL_1_SOURCE_VERIFIED,2026-08-13,false,false,false,false,false,,,,,INSUFFICIENT_DATA,,,,LOW,"OSM tags: {""amenity"": ""fast_food"", ""name"": ""Biryani""} | area DERIVED from OSM coordinates (nearest locality centroid, ~1.03 km); not source-stated"
HB-OSM-N12361795415,"Maa Bakery , Jaipur",shop_bakery,Jaipur,Rajasthan,Sindhi Camp,,,,,26.9244808,75.7907088,OSM_MAPPED,,bakery,,,,,,,,,,,,,,https://www.openstreetmap.org/node/12361795415,OPENSTREETMAP,OpenStreetMap contributors (ODbL),,,CANDIDATE,LEVEL_1_SOURCE_VERIFIED,2026-08-13,false,false,false,false,false,,,,,INSUFFICIENT_DATA,,,,LOW,"OSM tags: {""name"": ""Maa Bakery , Jaipur"", ""shop"": ""bakery""} | area DERIVED from OSM coordinates (nearest locality centroid, ~1.0 km); not source-stated"
HB-OSM-N12361795417,Fresh Bites,eatery,Jaipur,Rajasthan,Sindhi Camp,,,,,26.9256027,75.7910741,OSM_MAPPED,,small_eatery,,,,,,,,,,,,,,https://www.openstreetmap.org/node/12361795417,OPENSTREETMAP,OpenStreetMap contributors (ODbL),,,CANDIDATE,LEVEL_1_SOURCE_VERIFIED,2026-08-13,false,false,false,false,false,,,,,INSUFFICIENT_DATA,,,,LOW,"OSM tags: {""amenity"": ""restaurant"", ""name"": ""Fresh Bites""} | area DERIVED from OSM coordinates (nearest locality centroid, ~1.02 km); not source-stated"
HB-OSM-N12361795505,Crazy mood Coffee,cafe,Jaipur,Rajasthan,Tripolia Bazaar,,,,,26.9264938,75.827716,OSM_MAPPED,,cafe,,,,,,,,,,,,,,https://www.openstreetmap.org/node/12361795505,OPENSTREETMAP,OpenStreetMap contributors (ODbL),,,CANDIDATE,LEVEL_1_SOURCE_VERIFIED,2026-08-13,false,false,false,false,false,,,,,INSUFFICIENT_DATA,,,,LOW,"OSM tags: {""amenity"": ""cafe"", ""name"": ""Crazy mood Coffee""} | area DERIVED from OSM coordinates (nearest locality centroid, ~0.52 km); not source-stated"
HB-OSM-N12361795506,Krishna Bhojnalya,eatery,Jaipur,Rajasthan,Sindhi Camp,,,,,26.9179347,75.7903436,OSM_MAPPED,,small_eatery,,,,,,,,,,,,,,https://www.openstreetmap.org/node/12361795506,OPENSTREETMAP,OpenStreetMap contributors (ODbL),,,CANDIDATE,LEVEL_1_SOURCE_VERIFIED,2026-08-13,false,false,false,false,false,,,,,INSUFFICIENT_DATA,,,,LOW,"OSM tags: {""amenity"": ""restaurant"", ""name"": ""Krishna Bhojnalya""} | area DERIVED from OSM coordinates (nearest locality centroid, ~1.02 km); not source-stated"
HB-OSM-N12361795803,street food street,food_stall_or_fast_food,Jaipur,Rajasthan,Sindhi Camp,,,,,26.919879,75.7894725,OSM_MAPPED,,fast_food_snacks,,,,,,,,,,,,,,https://www.openstreetmap.org/node/12361795803,OPENSTREETMAP,OpenStreetMap contributors (ODbL),,,CANDIDATE,LEVEL_1_SOURCE_VERIFIED,2026-08-13,false,false,false,false,false,,,,,INSUFFICIENT_DATA,,,,LOW,"OSM tags: {""amenity"": ""fast_food"", ""name"": ""street food street""} | area DERIVED from OSM coordinates (nearest locality centroid, ~1.05 km); not source-stated"
HB-OSM-N12361796202,Atithi,eatery,Jaipur,Rajasthan,Sindhi Camp,,,,,26.9177934,75.7904291,OSM_MAPPED,,small_eatery,,,,,,,,,,,,,,https://www.openstreetmap.org/node/12361796202,OPENSTREETMAP,OpenStreetMap contributors (ODbL),,,CANDIDATE,LEVEL_1_SOURCE_VERIFIED,2026-08-13,false,false,false,false,false,,,,,INSUFFICIENT_DATA,,,,LOW,"OSM tags: {""amenity"": ""restaurant"", ""name"": ""Atithi""} | area DERIVED from OSM coordinates (nearest locality centroid, ~1.01 km); not source-stated"
HB-OSM-N12361796306,Kebabs and Curries Company,eatery,Jaipur,Rajasthan,Sindhi Camp,,,,,26.9286951,75.7891802,OSM_MAPPED,,small_eatery,,,,,,,,,,,,,,https://www.openstreetmap.org/node/12361796306,OPENSTREETMAP,OpenStreetMap contributors (ODbL),,,CANDIDATE,LEVEL_1_SOURCE_VERIFIED,2026-08-13,false,false,false,false,false,,,,,INSUFFICIENT_DATA,,,,LOW,"OSM tags: {""amenity"": ""restaurant"", ""name"": ""Kebabs and Curries Company""} | area DERIVED from OSM coordinates (nearest locality centroid, ~1.37 km); not source-stated"
HB-OSM-N12365223406,chai,shop_coffee,Jaipur,Rajasthan,Chandpole,,,,,26.9326934,75.8049478,OSM_MAPPED,,tea_chai,,,,,,,,,,,,,,https://www.openstreetmap.org/node/12365223406,OPENSTREETMAP,OpenStreetMap contributors (ODbL),,,CANDIDATE,LEVEL_1_SOURCE_VERIFIED,2026-08-13,false,false,false,false,false,,,,,INSUFFICIENT_DATA,,,,LOW,"OSM tags: {""name"": ""chai"", ""shop"": ""coffee""} | area DERIVED from OSM coordinates (nearest locality centroid, ~1.24 km); not source-stated"
HB-OSM-N12365225001,fried chicken,eatery,Jaipur,Rajasthan,Shastri Nagar,,,,,26.9332474,75.8045387,OSM_MAPPED,,small_eatery,,,,,,,,,,,,,,https://www.openstreetmap.org/node/12365225001,OPENSTREETMAP,OpenStreetMap contributors (ODbL),,,CANDIDATE,LEVEL_1_SOURCE_VERIFIED,2026-08-13,false,false,false,false,false,,,,,INSUFFICIENT_DATA,,,,LOW,"OSM tags: {""amenity"": ""restaurant"", ""name"": ""fried chicken""} | area DERIVED from OSM coordinates (nearest locality centroid, ~1.22 km); not source-stated"
HB-OSM-N12367921602,Rajasthan Craft Plaza Family Restaurant,eatery,Jaipur,Rajasthan,Sindhi Camp,,,,,26.9228362,75.7999201,OSM_MAPPED,,small_eatery,,,,,,,,,,,,,,https://www.openstreetmap.org/node/12367921602,OPENSTREETMAP,OpenStreetMap contributors (ODbL),,,CANDIDATE,LEVEL_1_SOURCE_VERIFIED,2026-08-13,false,false,false,false,false,,,,,INSUFFICIENT_DATA,,,,LOW,"OSM tags: {""amenity"": ""restaurant"", ""name"": ""Rajasthan Craft Plaza Family Restaurant""} | area DERIVED from OSM coordinates (nearest locality centroid, ~0.2 km); not source-stated"
HB-OSM-N12369816604,J. K,eatery,Jaipur,Rajasthan,Sindhi Camp,,,,,26.9228991,75.7881135,OSM_MAPPED,,small_eatery,,,,,,,,,,,,,,https://www.openstreetmap.org/node/12369816604,OPENSTREETMAP,OpenStreetMap contributors (ODbL),,,CANDIDATE,LEVEL_1_SOURCE_VERIFIED,2026-08-13,false,false,false,false,false,,,,,INSUFFICIENT_DATA,,,,LOW,"OSM tags: {""amenity"": ""restaurant"", ""name"": ""J. K""} | area DERIVED from OSM coordinates (nearest locality centroid, ~1.2 km); not source-stated"
HB-OSM-N12373714204,Rajasthani Thali,eatery,Jaipur,Rajasthan,Sindhi Camp,,,,,26.9228662,75.8013105,OSM_MAPPED,,small_eatery,,,,,,,,,,,,,,https://www.openstreetmap.org/node/12373714204,OPENSTREETMAP,OpenStreetMap contributors (ODbL),,,CANDIDATE,LEVEL_1_SOURCE_VERIFIED,2026-08-13,false,false,false,false,false,,,,,INSUFFICIENT_DATA,,,,LOW,"OSM tags: {""amenity"": ""restaurant"", ""name"": ""Rajasthani Thali""} | area DERIVED from OSM coordinates (nearest locality centroid, ~0.24 km); not source-stated"
HB-OSM-N12373714205,Thali House,eatery,Jaipur,Rajasthan,Sindhi Camp,,,,,26.9225559,75.7991003,OSM_MAPPED,,small_eatery,,,,,,,,,,,,,,https://www.openstreetmap.org/node/12373714205,OPENSTREETMAP,OpenStreetMap contributors (ODbL),,,CANDIDATE,LEVEL_1_SOURCE_VERIFIED,2026-08-13,false,false,false,false,false,,,,,INSUFFICIENT_DATA,,,,LOW,"OSM tags: {""amenity"": ""restaurant"", ""name"": ""Thali House""} | area DERIVED from OSM coordinates (nearest locality centroid, ~0.19 km); not source-stated"
HB-OSM-N12376557404,Bikaner Misthan Bhandar,shop_confectionery,Jaipur,Rajasthan,Sindhi Camp,,,,,26.9217588,75.7969706,OSM_MAPPED,,sweets,,,,,,,,,,,,,,https://www.openstreetmap.org/node/12376557404,OPENSTREETMAP,OpenStreetMap contributors (ODbL),,,CANDIDATE,LEVEL_1_SOURCE_VERIFIED,2026-08-13,false,false,false,false,false,,,,,INSUFFICIENT_DATA,,,,LOW,"OSM tags: {""name"": ""Bikaner Misthan Bhandar"", ""shop"": ""confectionery""} | area DERIVED from OSM coordinates (nearest locality centroid, ~0.31 km); not source-stated"
HB-OSM-N12376557505,Bikaner Bhojnalaya,eatery,Jaipur,Rajasthan,Sindhi Camp,,,,,26.9218853,75.7973434,OSM_MAPPED,,small_eatery,,,,,,,,,,,,,,https://www.openstreetmap.org/node/12376557505,OPENSTREETMAP,OpenStreetMap contributors (ODbL),,,CANDIDATE,LEVEL_1_SOURCE_VERIFIED,2026-08-13,false,false,false,false,false,,,,,INSUFFICIENT_DATA,,,,LOW,"OSM tags: {""amenity"": ""restaurant"", ""name"": ""Bikaner Bhojnalaya""} | area DERIVED from OSM coordinates (nearest locality centroid, ~0.28 km); not source-stated"
HB-OSM-N12376558601,they offer Thali for 150inr and refill until you are full,eatery,Jaipur,Rajasthan,Sindhi Camp,,,,,26.9226018,75.7994137,OSM_MAPPED,,small_eatery,,,,,,,,,,,,,,https://www.openstreetmap.org/node/12376558601,OPENSTREETMAP,OpenStreetMap contributors (ODbL),,,CANDIDATE,LEVEL_1_SOURCE_VERIFIED,2026-08-13,false,false,false,false,false,,,,,INSUFFICIENT_DATA,,,,LOW,"OSM tags: {""amenity"": ""restaurant"", ""name"": ""they offer Thali for 150inr and refill until you are full""} | area DERIVED from OSM coordinates (nearest locality centroid, ~0.19 km); not source-stated"
HB-OSM-N12379232203,Shahar,eatery,Jaipur,Rajasthan,Sindhi Camp,,,,,26.9184451,75.799315,OSM_MAPPED,,small_eatery,,,,,,,,,,,,,,https://www.openstreetmap.org/node/12379232203,OPENSTREETMAP,OpenStreetMap contributors (ODbL),,,CANDIDATE,LEVEL_1_SOURCE_VERIFIED,2026-08-13,false,false,false,false,false,,,,,INSUFFICIENT_DATA,,,,LOW,"OSM tags: {""amenity"": ""restaurant"", ""name"": ""Shahar""} | area DERIVED from OSM coordinates (nearest locality centroid, ~0.29 km); not source-stated"
HB-OSM-N12379294402,The Little French Home,cafe,Jaipur,Rajasthan,Sindhi Camp,,,,,26.9156131,75.795923,OSM_MAPPED,,cafe,,,,,,,,,,,,,,https://www.openstreetmap.org/node/12379294402,OPENSTREETMAP,OpenStreetMap contributors (ODbL),,,CANDIDATE,LEVEL_1_SOURCE_VERIFIED,2026-08-13,false,false,false,false,false,,,,,INSUFFICIENT_DATA,,,,LOW,"OSM tags: {""amenity"": ""cafe"", ""name"": ""The Little French Home""} | area DERIVED from OSM coordinates (nearest locality centroid, ~0.72 km); not source-stated"
HB-OSM-N12379294501,rooftop,cafe,Jaipur,Rajasthan,Sindhi Camp,,,,,26.9161718,75.7959976,OSM_MAPPED,,cafe,,,,,,,,,,,,,,https://www.openstreetmap.org/node/12379294501,OPENSTREETMAP,OpenStreetMap contributors (ODbL),,,CANDIDATE,LEVEL_1_SOURCE_VERIFIED,2026-08-13,false,false,false,false,false,,,,,INSUFFICIENT_DATA,,,,LOW,"OSM tags: {""amenity"": ""cafe"", ""name"": ""rooftop""} | area DERIVED from OSM coordinates (nearest locality centroid, ~0.67 km); not source-stated"
HB-OSM-N12379294701,rooftop,cafe,Jaipur,Rajasthan,Sindhi Camp,,,,,26.9156803,75.7959173,OSM_MAPPED,,cafe,,,,,,,,,,,,,,https://www.openstreetmap.org/node/12379294701,OPENSTREETMAP,OpenStreetMap contributors (ODbL),,,CANDIDATE,LEVEL_1_SOURCE_VERIFIED,2026-08-13,false,false,false,false,false,,,,,INSUFFICIENT_DATA,,,,LOW,"OSM tags: {""amenity"": ""cafe"", ""name"": ""rooftop""} | area DERIVED from OSM coordinates (nearest locality centroid, ~0.72 km); not source-stated"
HB-OSM-N12395867028,TVG AMER RESTAURANT,eatery,Jaipur,Rajasthan,Ramganj,,,Amer Road,,26.9415187,75.8386718,OSM_MAPPED,"665, Amer Road, Jaipur, 302002",small_eatery,,north_indian;mexican;multicusion;pizza;italian;indian;kebab;ice_cream;fine_dining;regional;fries;pasta,,,,,,,,+91 8955559670,https://www.zomato.com/jaipur/tvg-the-vegetarian-grill-amer-road,,,https://www.openstreetmap.org/node/12395867028,OPENSTREETMAP,OpenStreetMap contributors (ODbL),,,CANDIDATE,LEVEL_1_SOURCE_VERIFIED,2026-08-13,false,false,false,false,false,,,,,INSUFFICIENT_DATA,,,,LOW,"OSM tags: {""addr:city"": ""Jaipur"", ""addr:district"": ""Rajasthan"", ""addr:housenumber"": ""665"", ""addr:postcode"": ""302002"", ""addr:street"": ""Amer Road"", ""air_conditioning"": ""yes"", ""amenity"": ""restaurant"", ""branch"": ""Amer Road"", ""brand"": ""TVG - The Vegetarian Grill"", ""contact:facebook"": ""https://www.facebook.com/tvg.amerroad"", ""cuisine"": ""north_indian;mexican;multicusion;pizza;italian;indian;kebab;ice_cream;fine_dining;regional;fries;pasta"", ""delivery"": ""yes"", ""diet:vegan"": ""yes"", ""diet:vegetarian"": ""yes"", ""email"": ""jaipurbitesamerroad@gmail.com"", ""name"": ""TVG AMER RESTAURANT"", ""opening_hours"": ""24/7"", ""payment:cards"": ""yes"", ""payment:cash"": ""yes"", ""payment:contactless"": ""yes"", ""payment:credit_cards"": ""yes"", ""payment:debit_cards"": ""yes"", ""payment:google_pay"": ""yes"", ""payment:mastercard"": ""yes"", ""payment:phonepe"": ""yes"", ""payment:upi"": ""yes"", ""payment:visa"": ""yes"", ""payment:zomato_pay"": ""yes"", ""phone"": ""+91 8955559670"", ""takeaway"": ""yes"", ""website"": ""https://www.zomato.com/jaipur/tvg-the-vegetarian-grill-amer-road""} | area DERIVED from OSM coordinates (nearest locality centroid, ~2.09 km); not source-stated | OSM opening_hours (unparsed): 24/7"
HB-OSM-N12396071301,The Johri,eatery,Jaipur,Rajasthan,Johari Bazaar,,,,,26.9185848,75.8264162,OSM_MAPPED,,small_eatery,,,,,,,,,,,,,,https://www.openstreetmap.org/node/12396071301,OPENSTREETMAP,OpenStreetMap contributors (ODbL),,,CANDIDATE,LEVEL_1_SOURCE_VERIFIED,2026-08-13,false,false,false,false,false,,,,,INSUFFICIENT_DATA,,,,LOW,"OSM tags: {""amenity"": ""restaurant"", ""name"": ""The Johri""} | area DERIVED from OSM coordinates (nearest locality centroid, ~0.07 km); not source-stated"
HB-OSM-N12595806172,Sonis Cafe,cafe,Jaipur,Rajasthan,Shastri Nagar,,,,,26.941585,75.7874029,OSM_MAPPED,,cafe,,,,,,,,,,,,,,https://www.openstreetmap.org/node/12595806172,OPENSTREETMAP,OpenStreetMap contributors (ODbL),,,CANDIDATE,LEVEL_1_SOURCE_VERIFIED,2026-08-13,false,false,false,false,false,,,,,INSUFFICIENT_DATA,,,,LOW,"OSM tags: {""amenity"": ""cafe"", ""name"": ""Sonis Cafe""} | area DERIVED from OSM coordinates (nearest locality centroid, ~1.47 km); not source-stated"
HB-OSM-N12595806173,Burger Queen,food_stall_or_fast_food,Jaipur,Rajasthan,Shastri Nagar,,,,,26.9421064,75.7885138,OSM_MAPPED,,fast_food_snacks,,,,,,,,,,,,,,https://www.openstreetmap.org/node/12595806173,OPENSTREETMAP,OpenStreetMap contributors (ODbL),,,CANDIDATE,LEVEL_1_SOURCE_VERIFIED,2026-08-13,false,false,false,false,false,,,,,INSUFFICIENT_DATA,,,,LOW,"OSM tags: {""amenity"": ""fast_food"", ""name"": ""Burger Queen""} | area DERIVED from OSM coordinates (nearest locality centroid, ~1.35 km); not source-stated"
HB-OSM-N12595819932,Kalidoscope,eatery,Jaipur,Rajasthan,Vidyadhar Nagar,,,,,26.9563366,75.7806167,OSM_MAPPED,,small_eatery,,,,,,,,,,,,,,https://www.openstreetmap.org/node/12595819932,OPENSTREETMAP,OpenStreetMap contributors (ODbL),,,CANDIDATE,LEVEL_1_SOURCE_VERIFIED,2026-08-13,false,false,false,false,false,,,,,INSUFFICIENT_DATA,,,,LOW,"OSM tags: {""amenity"": ""restaurant"", ""name"": ""Kalidoscope""} | area DERIVED from OSM coordinates (nearest locality centroid, ~0.36 km); not source-stated"
HB-OSM-N12669189229,Tharka Restauratnt,eatery,Jaipur,Rajasthan,Jhotwara,,,,,26.9541328,75.7464672,OSM_MAPPED,,small_eatery,,,,,,,,,,,,,,https://www.openstreetmap.org/node/12669189229,OPENSTREETMAP,OpenStreetMap contributors (ODbL),,,CANDIDATE,LEVEL_1_SOURCE_VERIFIED,2026-08-13,false,false,false,false,false,,,,,INSUFFICIENT_DATA,,,,LOW,"OSM tags: {""amenity"": ""restaurant"", ""name"": ""Tharka Restauratnt""} | area DERIVED from OSM coordinates (nearest locality centroid, ~1.18 km); not source-stated"
HB-OSM-N12734119470,Retreat,eatery,Jaipur,Rajasthan,MI Road,,,,,26.9154952,75.8064548,OSM_MAPPED,Jaipur,small_eatery,,,,,,,,,,,,,,https://www.openstreetmap.org/node/12734119470,OPENSTREETMAP,OpenStreetMap contributors (ODbL),,,CANDIDATE,LEVEL_1_SOURCE_VERIFIED,2026-08-13,false,false,false,false,false,,,,,INSUFFICIENT_DATA,,,,LOW,"OSM tags: {""addr:city"": ""Jaipur"", ""amenity"": ""restaurant"", ""brewery"": ""yes;various"", ""changing_table"": ""no"", ""level"": ""8, Rooftop"", ""microbrewery"": ""yes"", ""name"": ""Retreat"", ""reservation"": ""yes"", ""smoking"": ""outside"", ""toilets"": ""yes""} | area DERIVED from OSM coordinates (nearest locality centroid, ~0.66 km); not source-stated"
HB-OSM-N12927047438,Mehfil e Chaii,cafe,Jaipur,Rajasthan,Vaishali Nagar,,,Maharana Pratap Marg,,26.9096345,75.7180126,OSM_MAPPED,"Shop No. 3, Maharana Pratap Marg, Jaipur, 302034",cafe,,pizza;coffee_shop;burger;chinese;sandwich;indian;ice_cream;noodle;fries;tea;breakfast,,,,,11:00,23:00,,+91 8905950450,,,,https://www.openstreetmap.org/node/12927047438,OPENSTREETMAP,OpenStreetMap contributors (ODbL),,,CANDIDATE,LEVEL_1_SOURCE_VERIFIED,2026-08-13,false,false,false,false,false,,,,,INSUFFICIENT_DATA,,,,LOW,"OSM tags: {""addr:city"": ""Jaipur"", ""addr:district"": ""Jaipur district"", ""addr:housenumber"": ""Shop No. 3"", ""addr:postcode"": ""302034"", ""addr:street"": ""Maharana Pratap Marg"", ""amenity"": ""cafe"", ""cuisine"": ""pizza;coffee_shop;burger;chinese;sandwich;indian;ice_cream;noodle;fries;tea;breakfast"", ""delivery"": ""yes"", ""internet_access"": ""yes"", ""internet_access:fee"": ""customers"", ""name"": ""Mehfil e Chaii"", ""opening_hours"": ""Mo-Su 11:00-23:00"", ""outdoor_seating"": ""yes"", ""phone"": ""+91 8905950450"", ""takeaway"": ""yes"", ""toilets"": ""yes""} | area DERIVED from OSM coordinates (nearest locality centroid, ~2.38 km); not source-stated"
HB-OSM-N13120379386,thadi,food_stall_or_fast_food,Jaipur,Rajasthan,Malviya Nagar,,,mnit back gate road,,26.8588867,75.8154322,OSM_MAPPED,"amma ki thadi mnit jaipur, mnit back gate road, Jaipur, 302017",fast_food_snacks,,paranthe;maggi;chai;coffee;packaged_food;omellete;egg_fry;half_fry;egg_bhurji,,,,,12:00,04:00,,,,,,https://www.openstreetmap.org/node/13120379386,OPENSTREETMAP,OpenStreetMap contributors (ODbL),,,CANDIDATE,LEVEL_1_SOURCE_VERIFIED,2026-08-13,false,false,false,false,false,,,,,INSUFFICIENT_DATA,,,,LOW,"OSM tags: {""addr:city"": ""Jaipur"", ""addr:district"": ""Jaipur"", ""addr:housenumber"": ""amma ki thadi mnit jaipur"", ""addr:postcode"": ""302017"", ""addr:street"": ""mnit back gate road"", ""amenity"": ""fast_food"", ""cuisine"": ""paranthe;maggi;chai;coffee;packaged_food;omellete;egg_fry;half_fry;egg_bhurji"", ""diet:local"": ""yes"", ""drive_through"": ""no"", ""name"": ""thadi"", ""opening_hours"": ""Mo-Su 12:00-04:00"", ""operator"": ""prakash chand""} | area DERIVED from OSM coordinates (nearest locality centroid, ~0.49 km); not source-stated"
HB-OSM-N13201142301,Garh rooftop cafe and restaurant,eatery,Jaipur,Rajasthan,Amer,,,,,26.9859918,75.8543102,OSM_MAPPED,302028,small_eatery,,,,,,,08:30,23:30,,+91 96808 09922,https://www.instagram.com/garh_jaipur/,,,https://www.openstreetmap.org/node/13201142301,OPENSTREETMAP,OpenStreetMap contributors (ODbL),,,CANDIDATE,LEVEL_1_SOURCE_VERIFIED,2026-08-13,false,false,false,false,false,,,,,INSUFFICIENT_DATA,,,,LOW,"OSM tags: {""addr:postcode"": ""302028"", ""amenity"": ""restaurant"", ""name"": ""Garh rooftop cafe and restaurant"", ""opening_hours"": ""Mo-Su 08:30-23:30"", ""phone"": ""+91 96808 09922"", ""website"": ""https://www.instagram.com/garh_jaipur/""} | area DERIVED from OSM coordinates (nearest locality centroid, ~0.3 km); not source-stated"
HB-OSM-N13275317106,Spicy King,eatery,Jaipur,Rajasthan,Shastri Nagar,,,,,26.947482,75.7976766,OSM_MAPPED,,small_eatery,,,,,,,,,,,,,,https://www.openstreetmap.org/node/13275317106,OPENSTREETMAP,OpenStreetMap contributors (ODbL),,,CANDIDATE,LEVEL_1_SOURCE_VERIFIED,2026-08-13,false,false,false,false,false,,,,,INSUFFICIENT_DATA,,,,LOW,"OSM tags: {""amenity"": ""restaurant"", ""check_date"": ""2025-11-02"", ""diet:vegetarian"": ""yes"", ""name"": ""Spicy King""} | area DERIVED from OSM coordinates (nearest locality centroid, ~0.58 km); not source-stated"
HB-OSM-N13296710002,Kha'Ba bar and kitchen,eatery,Jaipur,Rajasthan,Sindhi Camp,,,Bhaskar Marg,,26.9319385,75.7886818,OSM_MAPPED,"D 219-A, Bhaskar Marg, 302016",small_eatery,,,,,,,,,,,http://www.khandelahaveli.com,,,https://www.openstreetmap.org/node/13296710002,OPENSTREETMAP,OpenStreetMap contributors (ODbL),,,CANDIDATE,LEVEL_1_SOURCE_VERIFIED,2026-08-13,false,false,false,false,false,,,,,INSUFFICIENT_DATA,,,,LOW,"OSM tags: {""addr:housenumber"": ""D 219-A"", ""addr:postcode"": ""302016"", ""addr:street"": ""Bhaskar Marg"", ""amenity"": ""restaurant"", ""internet_access"": ""wlan"", ""name"": ""Kha'Ba bar and kitchen"", ""website"": ""http://www.khandelahaveli.com""} | area DERIVED from OSM coordinates (nearest locality centroid, ~1.65 km); not source-stated"
HB-OSM-N13335517501,The Akky South Indian,eatery,Jaipur,Rajasthan,Chandpole,,,,,26.9245268,75.8158137,OSM_MAPPED,,small_eatery,,,,,,,,,,,,,,https://www.openstreetmap.org/node/13335517501,OPENSTREETMAP,OpenStreetMap contributors (ODbL),,,CANDIDATE,LEVEL_1_SOURCE_VERIFIED,2026-08-13,false,false,false,false,false,,,,,INSUFFICIENT_DATA,,,,LOW,"OSM tags: {""amenity"": ""restaurant"", ""name"": ""The Akky South Indian""} | area DERIVED from OSM coordinates (nearest locality centroid, ~0.19 km); not source-stated"
HB-OSM-N13335517601,Rajmahal Restaurant,eatery,Jaipur,Rajasthan,Sindhi Camp,,,,,26.9210603,75.7972789,OSM_MAPPED,,small_eatery,,,,,,,,,,,,,,https://www.openstreetmap.org/node/13335517601,OPENSTREETMAP,OpenStreetMap contributors (ODbL),,,CANDIDATE,LEVEL_1_SOURCE_VERIFIED,2026-08-13,false,false,false,false,false,,,,,INSUFFICIENT_DATA,,,,LOW,"OSM tags: {""amenity"": ""restaurant"", ""name"": ""Rajmahal Restaurant""} | area DERIVED from OSM coordinates (nearest locality centroid, ~0.27 km); not source-stated"
HB-OSM-N13374238601,Banana Leaf,eatery,Jaipur,Rajasthan,C-Scheme,,,,,26.9086334,75.8094777,OSM_MAPPED,,small_eatery,,indian,,,,,,,,,,,,https://www.openstreetmap.org/node/13374238601,OPENSTREETMAP,OpenStreetMap contributors (ODbL),,,CANDIDATE,LEVEL_1_SOURCE_VERIFIED,2026-08-13,false,false,false,false,false,,,,,INSUFFICIENT_DATA,,,,LOW,"OSM tags: {""amenity"": ""restaurant"", ""cuisine"": ""indian"", ""name"": ""Banana Leaf""} | area DERIVED from OSM coordinates (nearest locality centroid, ~0.89 km); not source-stated"
HB-OSM-N13378344903,Foffee,cafe,Jaipur,Rajasthan,Tripolia Bazaar,,,,,26.9352447,75.8241841,OSM_MAPPED,,cafe,,,,,,,,,,,,,,https://www.openstreetmap.org/node/13378344903,OPENSTREETMAP,OpenStreetMap contributors (ODbL),,,CANDIDATE,LEVEL_1_SOURCE_VERIFIED,2026-08-13,false,false,false,false,false,,,,,INSUFFICIENT_DATA,,,,LOW,"OSM tags: {""amenity"": ""cafe"", ""name"": ""Foffee""} | area DERIVED from OSM coordinates (nearest locality centroid, ~1.2 km); not source-stated"
HB-OSM-N13420769375,Noir Cafe,cafe,Jaipur,Rajasthan,MI Road,,,,,26.9147551,75.8125212,OSM_MAPPED,,cafe,,,,,,,,,,,https://coffeebynoir.com/,,,https://www.openstreetmap.org/node/13420769375,OPENSTREETMAP,OpenStreetMap contributors (ODbL),,,CANDIDATE,LEVEL_1_SOURCE_VERIFIED,2026-08-13,false,false,false,false,false,,,,,INSUFFICIENT_DATA,,,,LOW,"OSM tags: {""amenity"": ""cafe"", ""internet_access"": ""wlan"", ""name"": ""Noir Cafe"", ""opening_hours"": ""24/7"", ""outdoor_seating"": ""no"", ""website"": ""https://coffeebynoir.com/""} | area DERIVED from OSM coordinates (nearest locality centroid, ~0.2 km); not source-stated | OSM opening_hours (unparsed): 24/7"
HB-OSM-N13423374282,Naturals,unknown,Jaipur,Rajasthan,C-Scheme,,,,,26.9110022,75.7953835,OSM_MAPPED,,kulfi_ice_cream,,,,,,,11:00,23:00,,,https://naturalicecreams.in,,,https://www.openstreetmap.org/node/13423374282,OPENSTREETMAP,OpenStreetMap contributors (ODbL),,,CANDIDATE,LEVEL_1_SOURCE_VERIFIED,2026-08-13,false,false,false,false,false,,,,,INSUFFICIENT_DATA,,,,LOW,"OSM tags: {""amenity"": ""ice_cream"", ""name"": ""Naturals"", ""opening_hours"": ""Mo-Su 11:00-23:00"", ""website"": ""https://naturalicecreams.in""} | area DERIVED from OSM coordinates (nearest locality centroid, ~0.79 km); not source-stated"
HB-OSM-N13423773617,Curious Life Coffee Roasters: RED,cafe,Jaipur,Rajasthan,C-Scheme,,,,,26.9093594,75.8086807,OSM_MAPPED,,cafe,,,,,,,07:00,22:00,,+91 141 403 2456,https://curiouslifecoffee.com/shop/,,,https://www.openstreetmap.org/node/13423773617,OPENSTREETMAP,OpenStreetMap contributors (ODbL),,,CANDIDATE,LEVEL_1_SOURCE_VERIFIED,2026-08-13,false,false,false,false,false,,,,,INSUFFICIENT_DATA,,,,LOW,"OSM tags: {""amenity"": ""cafe"", ""name"": ""Curious Life Coffee Roasters: RED"", ""opening_hours"": ""Mo-Su 07:00-22:00"", ""phone"": ""+91 141 403 2456"", ""website"": ""https://curiouslifecoffee.com/shop/""} | area DERIVED from OSM coordinates (nearest locality centroid, ~0.85 km); not source-stated"
HB-OSM-N13423971793,Jaipur Adda,eatery,Jaipur,Rajasthan,Sindhi Camp,,,,,26.9211837,75.7948487,OSM_MAPPED,,small_eatery,,,,,,,,,,,,,,https://www.openstreetmap.org/node/13423971793,OPENSTREETMAP,OpenStreetMap contributors (ODbL),,,CANDIDATE,LEVEL_1_SOURCE_VERIFIED,2026-08-13,false,false,false,false,false,,,,,INSUFFICIENT_DATA,,,,LOW,"OSM tags: {""amenity"": ""restaurant"", ""name"": ""Jaipur Adda""} | area DERIVED from OSM coordinates (nearest locality centroid, ~0.51 km); not source-stated"
HB-OSM-N13564660001,Shree Paawan Sweets,shop_confectionery,Jaipur,Rajasthan,,,,,,26.9812179,75.7447225,OSM_MAPPED,,sweets,,,,,,,,,,,,,,https://www.openstreetmap.org/node/13564660001,OPENSTREETMAP,OpenStreetMap contributors (ODbL),,,CANDIDATE,LEVEL_1_SOURCE_VERIFIED,2026-08-13,false,false,false,false,false,,,,,INSUFFICIENT_DATA,,,,LOW,"OSM tags: {""name"": ""Shree Paawan Sweets"", ""shop"": ""confectionery""}"
HB-OSM-N13564669801,Shree Raghvendra Sweets & Juice Center,shop_confectionery,Jaipur,Rajasthan,,,,,,26.9813973,75.7446251,OSM_MAPPED,,sweets,,,,,,,,,,,,,,https://www.openstreetmap.org/node/13564669801,OPENSTREETMAP,OpenStreetMap contributors (ODbL),,,CANDIDATE,LEVEL_1_SOURCE_VERIFIED,2026-08-13,false,false,false,false,false,,,,,INSUFFICIENT_DATA,,,,LOW,"OSM tags: {""name"": ""Shree Raghvendra Sweets & Juice Center"", ""shop"": ""confectionery""}"
HB-OSM-N13564670701,Shree Shyam Sweets & Bakers,shop_confectionery,Jaipur,Rajasthan,,,,,,26.9825359,75.7389093,OSM_MAPPED,,sweets,,,,,,,,,,,,,,https://www.openstreetmap.org/node/13564670701,OPENSTREETMAP,OpenStreetMap contributors (ODbL),,,CANDIDATE,LEVEL_1_SOURCE_VERIFIED,2026-08-13,false,false,false,false,false,,,,,INSUFFICIENT_DATA,,,,LOW,"OSM tags: {""name"": ""Shree Shyam Sweets & Bakers"", ""shop"": ""confectionery""}"
HB-OSM-N13602800764,Mr Macchiato,eatery,Jaipur,Rajasthan,Shastri Nagar,,,,,26.9334687,75.7939667,OSM_MAPPED,,small_eatery,,,,,,,,,,,,,,https://www.openstreetmap.org/node/13602800764,OPENSTREETMAP,OpenStreetMap contributors (ODbL),,,CANDIDATE,LEVEL_1_SOURCE_VERIFIED,2026-08-13,false,false,false,false,false,,,,,INSUFFICIENT_DATA,,,,LOW,"OSM tags: {""amenity"": ""restaurant"", ""name"": ""Mr Macchiato""} | area DERIVED from OSM coordinates (nearest locality centroid, ~1.42 km); not source-stated"
HB-OSM-N13604724101,Kokum Bistro,eatery,Jaipur,Rajasthan,Amer,,,,,26.9922926,75.8506609,OSM_MAPPED,,small_eatery,,breakfast;burger;coffee_shop;diner;indian;international;local,,,,,09:00,20:00,,,,,,https://www.openstreetmap.org/node/13604724101,OPENSTREETMAP,OpenStreetMap contributors (ODbL),,,CANDIDATE,LEVEL_1_SOURCE_VERIFIED,2026-08-13,false,false,false,false,false,,,,,INSUFFICIENT_DATA,,,,LOW,"OSM tags: {""amenity"": ""restaurant"", ""cuisine"": ""breakfast;burger;coffee_shop;diner;indian;international;local"", ""name"": ""Kokum Bistro"", ""opening_hours"": ""Mo-Su 09:00-20:00"", ""self_service"": ""no""} | area DERIVED from OSM coordinates (nearest locality centroid, ~0.76 km); not source-stated"
HB-OSM-N13607613087,Once Upon at Gath,eatery,Jaipur,Rajasthan,Chandpole,,,,,26.9375434,75.8158196,OSM_MAPPED,,small_eatery,,,,,,,,,,,,,,https://www.openstreetmap.org/node/13607613087,OPENSTREETMAP,OpenStreetMap contributors (ODbL),,,CANDIDATE,LEVEL_1_SOURCE_VERIFIED,2026-08-13,false,false,false,false,false,,,,,INSUFFICIENT_DATA,,,,LOW,"OSM tags: {""amenity"": ""restaurant"", ""name"": ""Once Upon at Gath""} | area DERIVED from OSM coordinates (nearest locality centroid, ~1.41 km); not source-stated"
HB-OSM-N13647677301,Café Auberge,eatery,Jaipur,Rajasthan,Civil Lines,,,,,26.9114545,75.789028,OSM_MAPPED,,small_eatery,,,,,,,,,,,,,,https://www.openstreetmap.org/node/13647677301,OPENSTREETMAP,OpenStreetMap contributors (ODbL),,,CANDIDATE,LEVEL_1_SOURCE_VERIFIED,2026-08-13,false,false,false,false,false,,,,,INSUFFICIENT_DATA,,,,LOW,"OSM tags: {""amenity"": ""restaurant"", ""check_date"": ""2026-03-14"", ""name"": ""Café Auberge""} | area DERIVED from OSM coordinates (nearest locality centroid, ~0.85 km); not source-stated"
HB-OSM-N13651411902,R.K Hotel,eatery,Jaipur,Rajasthan,Shastri Nagar,,,Bhatta Basti,,26.9488328,75.8059295,OSM_MAPPED,"Bhatta Basti, Jaipur, 302016",small_eatery,,chicken,,,,,,,,,,,,https://www.openstreetmap.org/node/13651411902,OPENSTREETMAP,OpenStreetMap contributors (ODbL),,,CANDIDATE,LEVEL_1_SOURCE_VERIFIED,2026-08-13,false,false,false,false,false,,,,,INSUFFICIENT_DATA,,,,LOW,"OSM tags: {""addr:city"": ""Jaipur"", ""addr:district"": ""Jaipur"", ""addr:postcode"": ""302016"", ""addr:street"": ""Bhatta Basti"", ""amenity"": ""restaurant"", ""cuisine"": ""chicken"", ""diet:non-vegetarian"": ""yes"", ""name"": ""R.K Hotel""} | area DERIVED from OSM coordinates (nearest locality centroid, ~0.66 km); not source-stated"
HB-OSM-N13660701045,Chaisa,cafe,Jaipur,Rajasthan,C-Scheme,,,Pankaj Snghvi Marg,,26.8915909,75.7993874,OSM_MAPPED,"Pankaj Snghvi Marg, Jaipur, 302015",cafe,,,,,,,,,,,,,,https://www.openstreetmap.org/node/13660701045,OPENSTREETMAP,OpenStreetMap contributors (ODbL),,,CANDIDATE,LEVEL_1_SOURCE_VERIFIED,2026-08-13,false,false,false,false,false,,,,,INSUFFICIENT_DATA,,,,LOW,"OSM tags: {""addr:city"": ""Jaipur"", ""addr:district"": ""Jaipur"", ""addr:postcode"": ""302015"", ""addr:street"": ""Pankaj Snghvi Marg"", ""air_conditioning"": ""yes"", ""amenity"": ""cafe"", ""bar"": ""no"", ""mobile"": ""+91 96601 11145"", ""name"": ""Chaisa"", ""smoking"": ""isolated"", ""toilets"": ""yes""} | area DERIVED from OSM coordinates (nearest locality centroid, ~1.61 km); not source-stated"
HB-OSM-N13672024783,Elvina's Cuisine Hub,eatery,Jaipur,Rajasthan,,,,"SHRI BALAJI NAGAR-A, RAMPURA  ROAD, KALYANPURA, SANGANER",,26.8246856,75.7573729,OSM_MAPPED,"172-A, SHRI BALAJI NAGAR-A, RAMPURA  ROAD, KALYANPURA, SANGANER, JAIPUR, 302029",small_eatery,,burger;chinese;indian;noodle;diner;brunch,,,,,,,,8824896715,,Elvina Cuisine Hub,,https://www.openstreetmap.org/node/13672024783,OPENSTREETMAP,OpenStreetMap contributors (ODbL),,,CANDIDATE,LEVEL_1_SOURCE_VERIFIED,2026-08-13,false,false,false,false,false,,,,,INSUFFICIENT_DATA,,,,LOW,"OSM tags: {""addr:city"": ""JAIPUR"", ""addr:district"": ""JAIPUR"", ""addr:housenumber"": ""172-A"", ""addr:postcode"": ""302029"", ""addr:street"": ""SHRI BALAJI NAGAR-A, RAMPURA  ROAD, KALYANPURA, SANGANER"", ""amenity"": ""restaurant"", ""brand"": ""Elvina's Cuisine Hub"", ""contact:instagram"": ""Elvina Cuisine Hub"", ""cuisine"": ""burger;chinese;indian;noodle;diner;brunch"", ""delivery"": ""yes"", ""diet:gluten_free"": ""yes"", ""diet:healthy"": ""yes"", ""diet:local"": ""yes"", ""diet:vegan"": ""yes"", ""diet:vegetarian"": ""yes"", ""name"": ""Elvina's Cuisine Hub"", ""opening_hours"": ""Mo-Su 12:00PM-22:00PM"", ""phone"": ""8824896715"", ""takeaway"": ""yes""} | OSM opening_hours (unparsed): Mo-Su 12:00PM-22:00PM"
HB-OSM-N13704865113,Town Coffee,eatery,Jaipur,Rajasthan,Malviya Nagar,,,,,26.8502125,75.8023122,OSM_MAPPED,,small_eatery,,coffee_shop;sandwich;pasta;pastry;soup;salad,,,,,,,,,,,,https://www.openstreetmap.org/node/13704865113,OPENSTREETMAP,OpenStreetMap contributors (ODbL),,,CANDIDATE,LEVEL_1_SOURCE_VERIFIED,2026-08-13,false,false,false,false,false,,,,,INSUFFICIENT_DATA,,,,LOW,"OSM tags: {""amenity"": ""restaurant"", ""cuisine"": ""coffee_shop;sandwich;pasta;pastry;soup;salad"", ""name"": ""Town Coffee""} | area DERIVED from OSM coordinates (nearest locality centroid, ~1.15 km); not source-stated"
HB-OSM-W223785883,parking area near bus stand,cafe,Jaipur,Rajasthan,Sindhi Camp,,,,,26.9237098,75.8012964,OSM_MAPPED,,cafe,,,,,,,,,,,,,,https://www.openstreetmap.org/way/223785883,OPENSTREETMAP,OpenStreetMap contributors (ODbL),,,CANDIDATE,LEVEL_1_SOURCE_VERIFIED,2026-08-13,false,false,false,false,false,,,,,INSUFFICIENT_DATA,,,,LOW,"OSM tags: {""amenity"": ""cafe"", ""building"": ""yes"", ""name"": ""parking area near bus stand""} | area DERIVED from OSM coordinates (nearest locality centroid, ~0.33 km); not source-stated"
HB-OSM-W237962625,De-novo Restaurant,eatery,Jaipur,Rajasthan,,,,,,27.0303673,75.8927076,OSM_MAPPED,,small_eatery,,multi,,,,,,,,,,,,https://www.openstreetmap.org/way/237962625,OPENSTREETMAP,OpenStreetMap contributors (ODbL),,,CANDIDATE,LEVEL_1_SOURCE_VERIFIED,2026-08-13,false,false,false,false,false,,,,,INSUFFICIENT_DATA,,,,LOW,"OSM tags: {""amenity"": ""restaurant"", ""building"": ""yes"", ""cuisine"": ""multi"", ""name"": ""De-novo Restaurant""}"
HB-OSM-W331543458,Nice Cafe,cafe,Jaipur,Rajasthan,Tripolia Bazaar,,,,,26.9342754,75.8253565,OSM_MAPPED,,cafe,,,,,,,,,,,,,,https://www.openstreetmap.org/way/331543458,OPENSTREETMAP,OpenStreetMap contributors (ODbL),,,CANDIDATE,LEVEL_1_SOURCE_VERIFIED,2026-08-13,false,false,false,false,false,,,,,INSUFFICIENT_DATA,,,,LOW,"OSM tags: {""amenity"": ""cafe"", ""building"": ""house"", ""name"": ""Nice Cafe""} | area DERIVED from OSM coordinates (nearest locality centroid, ~1.11 km); not source-stated"
HB-OSM-W361514403,Annapurna Canteen,eatery,Jaipur,Rajasthan,Malviya Nagar,,,,,26.8632407,75.8106274,OSM_MAPPED,,small_eatery,,,,,,,,,,,,,,https://www.openstreetmap.org/way/361514403,OPENSTREETMAP,OpenStreetMap contributors (ODbL),,,CANDIDATE,LEVEL_1_SOURCE_VERIFIED,2026-08-13,false,false,false,false,false,,,,,INSUFFICIENT_DATA,,,,LOW,"OSM tags: {""amenity"": ""restaurant"", ""building"": ""yes"", ""building:levels"": ""1"", ""name"": ""Annapurna Canteen""} | area DERIVED from OSM coordinates (nearest locality centroid, ~0.69 km); not source-stated"
HB-OSM-W590565341,Green Leaf Cafe,cafe,Jaipur,Rajasthan,Mansarovar,,,,,26.8481857,75.7683043,OSM_MAPPED,,cafe,,,,,,,,,,,,,,https://www.openstreetmap.org/way/590565341,OPENSTREETMAP,OpenStreetMap contributors (ODbL),,,CANDIDATE,LEVEL_1_SOURCE_VERIFIED,2026-08-13,false,false,false,false,false,,,,,INSUFFICIENT_DATA,,,,LOW,"OSM tags: {""amenity"": ""cafe"", ""building"": ""yes"", ""name"": ""Green Leaf Cafe""} | area DERIVED from OSM coordinates (nearest locality centroid, ~0.68 km); not source-stated"
HB-OSM-W745235616,RJ 14,eatery,Jaipur,Rajasthan,Vaishali Nagar,,,Ajmer Road,,26.8951713,75.7505953,OSM_MAPPED,"Ajmer Road, Jaipur",small_eatery,,,,,,,,,,,,,,https://www.openstreetmap.org/way/745235616,OPENSTREETMAP,OpenStreetMap contributors (ODbL),,,CANDIDATE,LEVEL_1_SOURCE_VERIFIED,2026-08-13,false,false,false,false,false,,,,,INSUFFICIENT_DATA,,,,LOW,"OSM tags: {""addr:city"": ""Jaipur"", ""addr:street"": ""Ajmer Road"", ""amenity"": ""restaurant"", ""building"": ""yes"", ""name"": ""RJ 14""} | area DERIVED from OSM coordinates (nearest locality centroid, ~1.96 km); not source-stated"
HB-OSM-W758347908,Hide out cafe,cafe,Jaipur,Rajasthan,Jagatpura,,,,,26.8472168,75.8603008,OSM_MAPPED,,cafe,,,,,,,,,,,,,,https://www.openstreetmap.org/way/758347908,OPENSTREETMAP,OpenStreetMap contributors (ODbL),,,CANDIDATE,LEVEL_1_SOURCE_VERIFIED,2026-08-13,false,false,false,false,false,,,,,INSUFFICIENT_DATA,,,,LOW,"OSM tags: {""amenity"": ""cafe"", ""building"": ""yes"", ""name"": ""Hide out cafe"", ""outdoor_seating"": ""yes""} | area DERIVED from OSM coordinates (nearest locality centroid, ~2.0 km); not source-stated"
HB-OSM-W758546144,Saras Dairy,shop_dairy,Jaipur,Rajasthan,Vaishali Nagar,,,,,26.9018314,75.7365719,OSM_MAPPED,,dairy_lassi,,,,,,,,,,,,,,https://www.openstreetmap.org/way/758546144,OPENSTREETMAP,OpenStreetMap contributors (ODbL),,,CANDIDATE,LEVEL_1_SOURCE_VERIFIED,2026-08-13,false,false,false,false,false,,,,,INSUFFICIENT_DATA,,,,LOW,"OSM tags: {""building"": ""yes"", ""name"": ""Saras Dairy"", ""shop"": ""dairy""} | area DERIVED from OSM coordinates (nearest locality centroid, ~1.15 km); not source-stated"
HB-OSM-W758640337,Sugar Berry,shop_bakery,Jaipur,Rajasthan,Vaishali Nagar,,,,,26.8989805,75.733749,OSM_MAPPED,,bakery,,,,,,,,,,,,,,https://www.openstreetmap.org/way/758640337,OPENSTREETMAP,OpenStreetMap contributors (ODbL),,,CANDIDATE,LEVEL_1_SOURCE_VERIFIED,2026-08-13,false,false,false,false,false,,,,,INSUFFICIENT_DATA,,,,LOW,"OSM tags: {""building"": ""yes"", ""name"": ""Sugar Berry"", ""shop"": ""bakery""} | area DERIVED from OSM coordinates (nearest locality centroid, ~1.57 km); not source-stated"
HB-OSM-W758646777,Saras Dairy,shop_dairy,Jaipur,Rajasthan,Vaishali Nagar,,,,,26.9021084,75.7387878,OSM_MAPPED,,dairy_lassi,,,,,,,,,,,,,,https://www.openstreetmap.org/way/758646777,OPENSTREETMAP,OpenStreetMap contributors (ODbL),,,CANDIDATE,LEVEL_1_SOURCE_VERIFIED,2026-08-13,false,false,false,false,false,,,,,INSUFFICIENT_DATA,,,,LOW,"OSM tags: {""building"": ""yes"", ""name"": ""Saras Dairy"", ""shop"": ""dairy""} | area DERIVED from OSM coordinates (nearest locality centroid, ~1.04 km); not source-stated"
HB-OSM-W759592844,Decked Up By Garden Café,cafe,Jaipur,Rajasthan,Vaishali Nagar,,,,,26.9136135,75.7526771,OSM_MAPPED,,cafe,,,,,,,,,,,,,,https://www.openstreetmap.org/way/759592844,OPENSTREETMAP,OpenStreetMap contributors (ODbL),,,CANDIDATE,LEVEL_1_SOURCE_VERIFIED,2026-08-13,false,false,false,false,false,,,,,INSUFFICIENT_DATA,,,,LOW,"OSM tags: {""amenity"": ""cafe"", ""building"": ""yes"", ""name"": ""Decked Up By Garden Café""} | area DERIVED from OSM coordinates (nearest locality centroid, ~1.1 km); not source-stated"
HB-OSM-W862954957,Shankar lal Mava,shop_confectionery,Jaipur,Rajasthan,Sanganer,,,,,26.8186738,75.7975327,OSM_MAPPED,,sweets,,,,,,,,,,,,,,https://www.openstreetmap.org/way/862954957,OPENSTREETMAP,OpenStreetMap contributors (ODbL),,,CANDIDATE,LEVEL_1_SOURCE_VERIFIED,2026-08-13,false,false,false,false,false,,,,,INSUFFICIENT_DATA,,,,LOW,"OSM tags: {""building"": ""yes"", ""name"": ""Shankar lal Mava"", ""shop"": ""confectionery""} | area DERIVED from OSM coordinates (nearest locality centroid, ~0.06 km); not source-stated"
HB-OSM-W866422928,Saras Parlour,shop_dairy,Jaipur,Rajasthan,Malviya Nagar,,,,,26.8666132,75.801778,OSM_MAPPED,,dairy_lassi,,,,,,,,,,,,,,https://www.openstreetmap.org/way/866422928,OPENSTREETMAP,OpenStreetMap contributors (ODbL),,,CANDIDATE,LEVEL_1_SOURCE_VERIFIED,2026-08-13,false,false,false,false,false,,,,,INSUFFICIENT_DATA,,,,LOW,"OSM tags: {""building"": ""yes"", ""name"": ""Saras Parlour"", ""shop"": ""dairy""} | area DERIVED from OSM coordinates (nearest locality centroid, ~1.41 km); not source-stated"
HB-OSM-W867324712,Saras Dairy - 11517,shop_dairy,Jaipur,Rajasthan,Civil Lines,,,,,26.9012176,75.7807973,OSM_MAPPED,,dairy_lassi,,,,,,,,,,,,,,https://www.openstreetmap.org/way/867324712,OPENSTREETMAP,OpenStreetMap contributors (ODbL),,,CANDIDATE,LEVEL_1_SOURCE_VERIFIED,2026-08-13,false,false,false,false,false,,,,,INSUFFICIENT_DATA,,,,LOW,"OSM tags: {""building"": ""yes"", ""name"": ""Saras Dairy - 11517"", ""shop"": ""dairy""} | area DERIVED from OSM coordinates (nearest locality centroid, ~0.69 km); not source-stated"
HB-OSM-W961875192,new cafe jagatpura,cafe,Jaipur,Rajasthan,Jagatpura,,,,,26.8363406,75.8271557,OSM_MAPPED,,cafe,,,,,,,,,,,,,,https://www.openstreetmap.org/way/961875192,OPENSTREETMAP,OpenStreetMap contributors (ODbL),,,CANDIDATE,LEVEL_1_SOURCE_VERIFIED,2026-08-13,false,false,false,false,false,,,,,INSUFFICIENT_DATA,,,,LOW,"OSM tags: {""amenity"": ""cafe"", ""building"": ""yes"", ""name"": ""new cafe jagatpura""} | area DERIVED from OSM coordinates (nearest locality centroid, ~2.1 km); not source-stated"
HB-OSM-W961876114,hanuman rastorent,eatery,Jaipur,Rajasthan,Jagatpura,,,,,26.8357356,75.82805,OSM_MAPPED,,small_eatery,,,,,,,,,,,,,,https://www.openstreetmap.org/way/961876114,OPENSTREETMAP,OpenStreetMap contributors (ODbL),,,CANDIDATE,LEVEL_1_SOURCE_VERIFIED,2026-08-13,false,false,false,false,false,,,,,INSUFFICIENT_DATA,,,,LOW,"OSM tags: {""amenity"": ""restaurant"", ""building"": ""yes"", ""name"": ""hanuman rastorent""} | area DERIVED from OSM coordinates (nearest locality centroid, ~2.0 km); not source-stated"
HB-OSM-W962291075,sheter ki thdi,cafe,Jaipur,Rajasthan,Malviya Nagar,,,,,26.8396295,75.8248358,OSM_MAPPED,jagatpura,cafe,,,,,,,,,,,,,,https://www.openstreetmap.org/way/962291075,OPENSTREETMAP,OpenStreetMap contributors (ODbL),,,CANDIDATE,LEVEL_1_SOURCE_VERIFIED,2026-08-13,false,false,false,false,false,,,,,INSUFFICIENT_DATA,,,,LOW,"OSM tags: {""addr:city"": ""jagatpura"", ""amenity"": ""cafe"", ""building"": ""yes"", ""name"": ""sheter ki thdi""} | area DERIVED from OSM coordinates (nearest locality centroid, ~2.37 km); not source-stated"
HB-OSM-W962487873,INDIRA RASOI,eatery,Jaipur,Rajasthan,Jagatpura,,,,,26.8358664,75.8315161,OSM_MAPPED,,small_eatery,,,,,,,,,,,,,,https://www.openstreetmap.org/way/962487873,OPENSTREETMAP,OpenStreetMap contributors (ODbL),,,CANDIDATE,LEVEL_1_SOURCE_VERIFIED,2026-08-13,false,false,false,false,false,,,,,INSUFFICIENT_DATA,,,,LOW,"OSM tags: {""amenity"": ""restaurant"", ""building"": ""yes"", ""name"": ""INDIRA RASOI""} | area DERIVED from OSM coordinates (nearest locality centroid, ~1.67 km); not source-stated"
HB-OSM-W1173342714,Saras Dairy Booth,shop_dairy,Jaipur,Rajasthan,Gopalpura,,,,,26.878604,75.8055596,OSM_MAPPED,,dairy_lassi,,,,,,,,,,,,,,https://www.openstreetmap.org/way/1173342714,OPENSTREETMAP,OpenStreetMap contributors (ODbL),,,CANDIDATE,LEVEL_1_SOURCE_VERIFIED,2026-08-13,false,false,false,false,false,,,,,INSUFFICIENT_DATA,,,,LOW,"OSM tags: {""building"": ""yes"", ""name"": ""Saras Dairy Booth"", ""shop"": ""dairy""} | area DERIVED from OSM coordinates (nearest locality centroid, ~2.12 km); not source-stated"
HB-OSM-W1347531059,Padao Restaurant,eatery,Jaipur,Rajasthan,Shastri Nagar,,,,,26.9373593,75.812114,OSM_MAPPED,,small_eatery,,,,,,,,,,,,,,https://www.openstreetmap.org/way/1347531059,OPENSTREETMAP,OpenStreetMap contributors (ODbL),,,CANDIDATE,LEVEL_1_SOURCE_VERIFIED,2026-08-13,false,false,false,false,false,,,,,INSUFFICIENT_DATA,,,,LOW,"OSM tags: {""amenity"": ""restaurant"", ""leisure"": ""outdoor_seating"", ""lit"": ""yes"", ""name"": ""Padao Restaurant"", ""operator"": ""Padao Restaurant"", ""seasonal"": ""no""} | area DERIVED from OSM coordinates (nearest locality centroid, ~1.25 km); not source-stated"
HB-OSM-W1428329277,Tea House,cafe,Jaipur,Rajasthan,Gopalpura,,,,,26.8739407,75.7766477,OSM_MAPPED,,cafe,,tea;coffee_shop,,,,,,,,,,,,https://www.openstreetmap.org/way/1428329277,OPENSTREETMAP,OpenStreetMap contributors (ODbL),,,CANDIDATE,LEVEL_1_SOURCE_VERIFIED,2026-08-13,false,false,false,false,false,,,,,INSUFFICIENT_DATA,,,,LOW,"OSM tags: {""amenity"": ""cafe"", ""building"": ""yes"", ""cuisine"": ""tea;coffee_shop"", ""name"": ""Tea House""} | area DERIVED from OSM coordinates (nearest locality centroid, ~0.98 km); not source-stated"
HB-OSM-W1428331379,patashi center,food_stall_or_fast_food,Jaipur,Rajasthan,Vidyadhar Nagar,,,,,26.9555421,75.7712703,OSM_MAPPED,,fast_food_snacks,,indian,,,,,10:00,21:00,,,,,,https://www.openstreetmap.org/way/1428331379,OPENSTREETMAP,OpenStreetMap contributors (ODbL),,,CANDIDATE,LEVEL_1_SOURCE_VERIFIED,2026-08-13,false,false,false,false,false,,,,,INSUFFICIENT_DATA,,,,LOW,"OSM tags: {""amenity"": ""fast_food"", ""building"": ""shed"", ""cuisine"": ""indian"", ""diet:vegetarian"": ""yes"", ""drive_through"": ""yes"", ""name"": ""patashi center"", ""opening_hours"": ""Mo-Su 10:00-21:00""} | area DERIVED from OSM coordinates (nearest locality centroid, ~0.57 km); not source-stated"
HB-OSM-W1428334632,IRIS Cafe,cafe,Jaipur,Rajasthan,,,,"Teh, sangarner, Narayan Vihar, Jaipur",,26.8580852,75.7257099,OSM_MAPPED,"SC-38, Teh, sangarner, Narayan Vihar, Jaipur, Jaipur Municipal Corporation, 302020",cafe,,,,,,,,,,,,,,https://www.openstreetmap.org/way/1428334632,OPENSTREETMAP,OpenStreetMap contributors (ODbL),,,CANDIDATE,LEVEL_1_SOURCE_VERIFIED,2026-08-13,false,false,false,false,false,,,,,INSUFFICIENT_DATA,,,,LOW,"OSM tags: {""addr:city"": ""Jaipur Municipal Corporation"", ""addr:district"": ""Jaipur"", ""addr:housenumber"": ""SC-38"", ""addr:postcode"": ""302020"", ""addr:street"": ""Teh, sangarner, Narayan Vihar, Jaipur"", ""amenity"": ""cafe"", ""building"": ""yes"", ""name"": ""IRIS Cafe""}"
HB-OSM-W1434523049,Restaurant RZD,eatery,Jaipur,Rajasthan,Vaishali Nagar,,,,,26.9064629,75.7381764,OSM_MAPPED,,small_eatery,,,,,,,,,,,,,,https://www.openstreetmap.org/way/1434523049,OPENSTREETMAP,OpenStreetMap contributors (ODbL),,,CANDIDATE,LEVEL_1_SOURCE_VERIFIED,2026-08-13,false,false,false,false,false,,,,,INSUFFICIENT_DATA,,,,LOW,"OSM tags: {""amenity"": ""restaurant"", ""building"": ""yes"", ""name"": ""Restaurant RZD""} | area DERIVED from OSM coordinates (nearest locality centroid, ~0.63 km); not source-stated"
